"","C002","C003","C006","C007","C010","C012","C013","C016","C019","C020","C022","C025","C026","C028","C029","C030","C031","C032","C034","C035","C037","C038","C039","C040","C041","C042","C043","C044","C045","C049","C050","C051","C052","C054","C055","C057","C063","C065","C067","C068","C008","C033","C047","C048","C053","C014","C018","C021","C046","C069","C061"
"AZT.1.10_2012",292.766,2290.793,589.515,0,469.464,0,406.592,1827.418,255.097,0,2021.666,2908.666,437.943,0,319.032,203.919,168.894,0,0,0,0,686.181,1692.433,771.696,313.435,0,0,103.719,143.489,195.645,59.505,192.241,0,144.648,0,83.482,151.533,253.049,186.473,439.102,NA,NA,NA,NA,NA,NA,NA,NA,NA,NA,NA
"AZT.1.3_2012",399.753,1596.315,0,0,313.48,0,1370.219,1088.011,0,145.96,4114.135,2054.18,371.383,962.757,95.651,0,0,0,0,0,0,439.193,5160.686,193.627,127.353,0,0,228.307,319.239,319.773,0,52.211,0,0,0,0,115.112,211.287,123.796,406.217,NA,NA,NA,NA,NA,NA,NA,NA,NA,NA,NA
"AZT.1.7_2012",70.689,2133.093,457.99,0,569.955,0,676.584,1924.849,241.134,0,1634.245,4736.041,794.962,0,365.276,335.791,235.877,0,0,0,0,705.5,2771.851,708.537,295.189,0,0,161.327,106.818,0,83.311,385.03,0,179.477,0,149.514,168.755,488.424,346.938,765.893,NA,NA,NA,NA,NA,NA,NA,NA,NA,NA,NA
"AZTW.1.5_2012",803.585,2598.282,0,0,593.082,0,249.657,2422.115,0,0,1294.795,516.843,187.087,161.421,113.622,0,0,0,0,0,247.073,945.009,300.481,0,252.838,0,65.229,0,114.016,386.391,86.241,64.366,0,0,0,0,164.605,612.563,173.335,513.348,NA,NA,NA,NA,NA,NA,NA,NA,NA,NA,NA
"AZTW.1.7_2012",599.954,1677.474,0,0,386.706,0,192.195,2674.222,165.845,0,684.152,1805.713,114.922,737.413,284.16,0,0,0,0,0,0,991.753,137.3,0,226.628,0,161.98,0,82.33,635.187,98.176,86.776,0,0,107.82,0,277.214,468.682,0,517.206,NA,NA,NA,NA,NA,NA,NA,NA,NA,NA,NA
"AZTW.1.8_2012",401.776,4595.333,543.94,258.852,815.551,0,363.528,2028.175,386.835,0,839.768,3229.078,354.929,490.945,306.996,0,182.067,0,195.058,0,162.286,528.855,99.396,978.311,244.881,0,124.179,0,67.046,520.158,97.813,150.006,0,0,82.83,0,99.397,250.322,202.324,159.294,NA,NA,NA,NA,NA,NA,NA,NA,NA,NA,NA
"NMT.1.6_2012",304.31,3359.454,605.935,269.343,1077.184,0,250.058,2266.901,285.779,0,1943.918,1597.903,776.844,199.035,151.86,0,261.251,0,125.341,0,0,882.718,398.304,0,138.081,0,0,935.948,189.564,685.723,110.572,149.802,0,0,81.857,55.584,93.717,112.423,0,129.592,NA,NA,NA,NA,NA,NA,NA,NA,NA,NA,NA
"NMT.1.9_2012",454.882,1405.298,453.921,0,524.647,0,0,2332.473,161.228,0,1546.407,1221.468,570.238,229.637,197.485,0,0,0,115.607,0,135.402,998.387,299.619,331.207,0,0,118.401,0,142.968,196.683,104.714,282.543,0,222.235,0,53.712,334.834,229.475,0,657.104,NA,NA,NA,NA,NA,NA,NA,NA,NA,NA,NA
"NMT.2.3_2012",363.502,2630.05,665.854,337.212,363.963,0,696.536,1023.007,265.606,179.368,3758.795,2621.813,699.167,0,129.689,108.117,136.669,0,0,0,148.936,511.946,86.237,598.924,170.999,89.568,0,186.528,281.984,162.05,91.637,197.393,0,147.462,0,55.544,508.416,331.006,87.971,1140.459,NA,NA,NA,NA,NA,NA,NA,NA,NA,NA,NA
"NMT.2.4_2012",580.138,2028.279,0,0,361.491,0,785.957,3265.328,0,0,4273.656,465.324,256.325,198.117,160.535,0,0,82.74,0,0,138.574,1179.191,306.987,0,187.746,0,151.194,0,349.171,598.792,111.021,89.599,0,0,0,72.717,345.767,382.58,0,289.394,NA,NA,NA,NA,NA,NA,NA,NA,NA,NA,NA
"NMT.2.5_2012",550.851,1695.59,0,0,188.862,0,1564.781,2430.277,0,0,1090,128.374,402.806,0,0,0,0,0,0,0,0,1347.292,107.897,0,79.369,0,107.447,0,96.976,535.39,62.628,97.072,74.448,0,120.948,103.097,153.582,490.226,147.289,271.639,NA,NA,NA,NA,NA,NA,NA,NA,NA,NA,NA
"NMT.2.6_2012",679.394,1606.503,0,0,408.958,273.861,1067.758,3674.295,292.191,0,134.785,1010.422,374.82,0,479.128,338.088,0,0,114.078,159.15,0,1386.62,6568.965,844.407,162.859,87.761,0,176.256,0,352.685,59.566,150.408,0,91.765,0,0,360.632,135.725,0,573.59,NA,NA,NA,NA,NA,NA,NA,NA,NA,NA,NA
"NMT.2.8_2012",487.048,1527.64,508.691,0,272.705,0,1459.202,1650.501,147.026,0,393.546,1038.409,537.053,119.322,106.097,0,0,0,0,0,0,840.887,6587.942,172.1,0,121.581,272.723,0,0,0,0,106.679,0,104.204,0,98.971,219.17,870.176,368.119,1122.458,NA,NA,NA,NA,NA,NA,NA,NA,NA,NA,NA
"WAT.2.1_2012",6653.789,2983.99,829.473,350.568,1366.966,424.308,1771.555,5550.375,204.323,129.41,3446.385,2933.658,0,0,286.355,416.499,458.646,266.31,0,176.661,0,4482.632,9002.069,358.505,296.714,181.473,0,1810.721,309.302,225.58,451.633,1927.54,53.451,678.044,0,793.18,325.771,933.609,1064.044,494.02,NA,NA,NA,NA,NA,NA,NA,NA,NA,NA,NA
"WAT.2.10_2012",0,2646.018,984.873,328.236,1006.165,207.131,1643.077,4114.726,0,362.689,9522.094,405.645,2467.282,0,122.909,134.911,129.452,88.57,0,0,0,2054.464,7811.443,0,308.226,114.264,0,225.532,872.672,268.504,142.545,359.101,65.92,259.209,0,115.664,230.715,907.165,1241.504,587.157,NA,NA,NA,NA,NA,NA,NA,NA,NA,NA,NA
"WAT.2.3_2012",446.744,2535.886,0,0,534.194,0,1189.129,4773.455,281.077,0,4275.315,773.002,1244.025,265.869,237.339,0,369.729,97.236,0,0,0,1782.048,5193.723,0,245.94,0,0,739.767,352.362,586.083,98.465,264.612,66.124,178.881,0,122.073,154.866,408.408,380.864,275.36,NA,NA,NA,NA,NA,NA,NA,NA,NA,NA,NA
"WAT.2.4_2012",423.702,2841.853,632.346,280.003,814.206,296.865,1574.699,7168.692,0,186.482,5873.903,463.896,2481.197,159.607,212.027,0,0,120.221,0,0,0,3018.574,7672.838,0,381.909,174.681,123.755,254.508,485.101,494.255,153.054,630.013,97.487,379.236,0,219.337,141.084,464.606,261.207,183.95,NA,NA,NA,NA,NA,NA,NA,NA,NA,NA,NA
"WAT.2.7_2012",827.43,2129.901,431.155,0,454.328,197.585,1661.1,3903.827,0,149.394,4644.803,464.776,2708.481,104.699,137.191,0,0,0,0,140.092,0,2174.491,7183.259,0,310.158,79.48,0,308.688,397.705,228.102,122.377,391.914,0,217.046,0,108.457,228.635,667.199,988.258,251.735,NA,NA,NA,NA,NA,NA,NA,NA,NA,NA,NA
"WAT.2.8_2012",4407.104,2720.008,0,0,664.128,0,621.485,5622.341,496.118,130.679,7287.983,0,358.57,0,256.614,216.861,0,0,0,207.066,223.42,2140.268,3987.309,443.729,549.161,0,0,1231.53,926.839,285.679,0,68.162,90.873,151.663,0,138.035,139.237,1286.984,1153.216,599.27,NA,NA,NA,NA,NA,NA,NA,NA,NA,NA,NA
"WAT.2.9_2012",0,1800.013,502.215,0,777.207,0,1012.763,6790.978,0,0,1983.042,278.12,1002.364,131.819,137.744,0,0,111.661,0,0,0,2781.268,6075.184,0,300.684,0,76.232,0,218.42,539.445,152.421,389.138,87.088,244.142,0,117.062,110.071,199.695,158.79,109.776,NA,NA,NA,NA,NA,NA,NA,NA,NA,NA,NA
"CAT.1.1_2012",0,3694.588,770.864,335.097,521.324,0,246.497,632.68,911.991,300.934,800.137,8197.762,355.017,0,469.336,0,787.045,NA,144.652,185.269,224.236,238.945,107.924,1566.846,412.116,0,0,8791.039,0,194.877,73.354,425.634,0,283.854,NA,154.99,0,408.307,NA,159.163,230.377,0,100.588,0,158.788,NA,NA,NA,NA,NA,NA
"CAT.1.5_2012",375.778,2749.415,0,0,621.161,0,192.624,452.407,652.993,0,1850.574,1488.063,165.713,489.42,396.206,0,312.163,NA,150.13,0,166.607,175.382,660.688,0,227.971,0,0,4889.877,226.485,499.644,0,90.18,0,0,NA,0,98.942,279.765,NA,81.448,0,0,0,0,120.068,NA,NA,NA,NA,NA,NA
"CAT.2.4_2012",0,2073.352,925.625,254.461,367.652,0,365.602,364.77,242.959,174.172,3025.036,3776.735,274.602,0,275.538,271.209,0,NA,0,0,0,208.772,475.846,0,121.799,0,0,278.646,223.634,134.451,0,183.658,0,83.592,NA,386.549,0,557.196,NA,213.131,0,0,0,0,98.295,NA,NA,NA,NA,NA,NA
"CAT.2.7_2012",781.498,0,0,0,341.282,533.347,3533.09,1025.019,0,159.169,9976.922,0,390.163,0,0,0,0,NA,0,0,0,90.218,11102.693,0,0,373.967,0,964.852,686.619,467.815,0,0,0,0,NA,122.284,0,542.724,NA,117.231,0,0,0,0,0,NA,NA,NA,NA,NA,NA
"CAT.2.9_2012",416.069,1723.229,600.143,0,0,0,0,127.89,177.608,0,1390.388,559.044,0,124.21,0,0,0,NA,107.77,0,0,0,203.758,0,0,0,133.768,0,120.533,602.961,0,0,0,0,NA,0,0,505.128,NA,197.29,0,0,0,80.922,122.719,NA,NA,NA,NA,NA,NA
"IDT.1.10_2012",546.567,4116.564,609.919,0,505.825,0,0,459.805,856.625,0,285.097,1977.28,0,622.847,394.174,0,404.406,NA,203.029,0,198.361,144.897,0,1535.193,232.164,0,0,5458.353,0,481.349,0,144.249,0,148.333,NA,0,0,259.87,NA,0,454.694,154.232,0,0,175.47,NA,NA,NA,NA,NA,NA
"IDT.1.2_2012",5324.635,3716.548,689.417,274.562,1033.548,0,672.378,736.895,513.177,0,1860.348,6333.654,298.375,0,572.007,402.937,228.743,NA,247.588,0,0,286.395,86.735,1542.323,329.623,84.717,0,429.691,207.226,187.169,65.443,212.773,0,226.247,NA,67.478,0,119.662,NA,0,0,140.533,0,0,161.141,NA,NA,NA,NA,NA,NA
"IDT.1.3_2012",284.24,3877.324,760.013,340.464,913.599,0,0,590.686,910.656,0,1391.512,4239.231,206.567,0,723.148,540.806,693.788,NA,168.063,0,198.943,151.52,89.187,1496.156,306.043,0,0,4644.499,182.251,343.971,94.512,245.373,0,193.578,NA,117.894,0,308.216,NA,151.099,603.564,178.507,0,0,185.625,NA,NA,NA,NA,NA,NA
"IDT.1.4_2012",0,1706.576,0,0,373.163,0,0,307.971,461.588,0,740.815,1090.284,0,564.795,424.457,0,172.457,NA,0,0,106.851,83.29,605.914,0,216.072,0,0,2960.768,132.636,471.329,0,77.686,0,0,NA,0,0,217.779,NA,0,0,0,0,0,156.049,NA,NA,NA,NA,NA,NA
"IDT.1.6_2012",464.88,4579.361,461.573,256.533,1770.655,0,758.789,926.28,719.345,0,438.5,3025.659,0,0,1394.888,958.079,302.042,NA,277.099,0,0,249.729,73.798,1844.547,170.15,0,688.977,0,76.555,494.771,104.742,230.141,0,177.355,NA,84.435,75.34,156.939,NA,70.889,215.201,0,0,0,168.947,NA,NA,NA,NA,NA,NA
"IDT.2.4_2012",305.288,4355.378,769.798,364.784,731.604,0,298.898,643.786,777.887,0,0,5726.418,183.864,0,785.054,499.764,439.519,NA,308.244,238.897,190.066,156.49,109.217,1461.238,387.859,0,106.546,2437.494,0,248.319,96.164,322.949,0,220.609,NA,109.668,0,191.481,NA,0,216.732,0,0,0,153.68,NA,NA,NA,NA,NA,NA
"IDT.3.3_2012",0,3187.678,0,0,433.337,0,193.797,513.475,1197.031,0,707.113,2727.547,195.939,528.973,339.134,0,1322.852,NA,129.435,223.184,0,194.931,1080.07,0,184.788,0,0,1226.098,159.678,535.586,0,79.769,0,99.258,NA,0,0,159.751,NA,0,0,0,0,0,138.561,NA,NA,NA,NA,NA,NA
"IDT.3.5_2012",290.918,3028.827,784.65,258.479,1148.948,180.947,440.78,3436.386,782.993,0,1944.759,3008.677,968.385,0,323.232,322.874,1182.131,NA,0,0,179.536,1256.01,3762.332,512.04,315.582,0,0,6929.535,197.055,137.927,231.061,594.52,0,255.4,NA,135.513,58.586,159.507,NA,121.486,0,0,84.16,0,0,NA,NA,NA,NA,NA,NA
"IDT.3.9_2012",412.929,4416.856,731.449,366.98,1403.379,0,163.452,784.856,795.911,367.01,2208.415,9313.589,419.393,0,597.481,444.726,872.042,NA,171.406,200.228,155.577,299.919,108.57,1752.175,420.035,0,0,3237.421,215.989,0,71.744,269.873,0,175.341,NA,81.563,0,0,NA,0,201.721,0,0,0,145.757,NA,NA,NA,NA,NA,NA
"MTT.1.6_2012",329.2,3593.697,1137.169,388.485,917.579,0,0,3494.37,465.786,0,181.721,4906.051,2282.346,675.968,236.898,218.837,509.472,NA,202.483,0,237.727,2374.782,0,948.566,469.145,0,0,3830.164,0,194.027,189.193,760.491,55.746,460.728,NA,219.921,82.239,223.588,NA,103.895,0,0,0,117.139,50.122,NA,NA,NA,NA,NA,NA
"MTW.3.8_2012",577.865,2055.48,549.316,0,801.553,505.818,1390.965,4775.893,0,242.943,10226.738,166.158,919.689,170.338,171.491,0,106.82,NA,0,0,0,1784.351,6443.212,0,282.863,330.538,85.743,254.293,825.88,395.168,101.54,150.417,0,163.76,NA,0,0,0,NA,68.881,0,0,0,0,0,NA,NA,NA,NA,NA,NA
"NVT.1.6_2012",786.493,1001.823,707.052,0,227,0,1000.796,3026.271,0,0,2103.486,98.275,180.575,0,0,0,0,NA,0,0,0,1030.335,6017.777,0,112.532,0,142.429,0,249.081,559.789,168.962,0,0,0,NA,190.881,0,311.92,NA,80.509,0,0,97.412,84.981,0,NA,NA,NA,NA,NA,NA
"NVT.2.8_2012",504.184,3132.572,699.839,292.999,1250.957,0,188.73,9077.551,0,135.823,4765.787,449.596,2361.666,152.663,171.661,0,0,NA,203.886,0,0,3627.087,504.035,0,297.606,0,110.411,254.792,430.614,468,222.222,963.851,88.122,442.096,NA,209.116,65.019,0,NA,138.542,0,0,0,286.72,0,NA,NA,NA,NA,NA,NA
"NVT.2.9_2012",236.458,1240.79,0,0,529.103,0,484.984,1732.023,0,0,2328.739,0,280.792,0,0,0,0,NA,0,0,0,782.623,2454.217,0,0,0,0,0,198.96,570.9,0,0,88.528,0,NA,144.116,72.231,0,NA,109.804,0,0,0,0,0,NA,NA,NA,NA,NA,NA
"NVTW.1.10_2012",1339.318,4123.605,0,0,1572.185,0,574.532,1028.652,1576.135,0,1361.606,1609.929,103.852,0,1418.383,998.443,479.659,NA,407.001,352.166,0,329.886,3904.951,2360.524,384.478,0,0,2673.063,282.861,847.653,113.511,166.738,0,176.003,NA,105.928,0,298.068,NA,171.812,0,0,0,138.207,233.246,NA,NA,NA,NA,NA,NA
"NVTW.1.3_2012",1321.467,3864.949,673.829,300.128,489.583,181.013,256.514,404.226,681.536,176.88,2970.157,6633.563,375.613,0,413.589,430.159,1198.25,NA,138.351,0,0,157.691,72.553,1287.199,96.967,103.713,0,786.966,332.171,347.477,75.152,172.592,0,142.702,NA,0,0,543.185,NA,103.429,0,0,0,0,129.28,NA,NA,NA,NA,NA,NA
"NVTW.1.6_2012",316.133,3039.178,0,0,635.822,0,1274.823,645.065,682.707,244.599,1348.896,4045.603,195.786,0,880.646,711.938,491.374,NA,199.17,159.189,0,172.411,93.833,647.498,311.292,75.383,0,3009.958,188.637,471.704,73.817,178.651,0,78.5,NA,498.036,0,385.035,NA,79.545,0,0,122.912,0,198.68,NA,NA,NA,NA,NA,NA
"ORT.1.1_2012",786.088,3514.869,599.378,0,699.505,0,182.146,473.392,466.669,0,114.437,2091.571,0,681.142,465.071,0,180.829,NA,133.625,0,0,117.959,1089.994,0,173.736,0,225.559,0,0,535.824,61.11,187.674,0,0,NA,82.543,0,110.228,NA,0,595.296,188.898,0,0,149.575,NA,NA,NA,NA,NA,NA
"ORT.1.6_2012",488.144,4485.405,634.094,292.743,1130.474,154.103,236.233,421.203,624.555,0,1840.464,2837.062,198.879,0,689.569,554.556,293.932,NA,164.04,0,172.012,118.916,102.564,607.599,160.055,0,0,2281.115,243.954,494.432,0,58.159,0,0,NA,0,0,332.118,NA,0,542.674,126.108,0,0,171.44,NA,NA,NA,NA,NA,NA
"ORT.1.8_2012",0,3754.036,674.304,293.607,1019.862,0,247.971,400.238,649.961,191.044,2650.865,7297.314,419.844,342.156,341.462,0,601.24,NA,135.467,0,138.175,142.871,100.127,1325.566,177.317,78.285,0,4170.171,282.172,0,94.535,405.265,0,279.738,NA,197.779,0,221.854,NA,122.916,0,0,91.572,0,161.334,NA,NA,NA,NA,NA,NA
"ORT.1.9_2012",61.818,3663.766,675.475,261.472,1668.096,174.504,339.271,504.4,964.586,0,2654.474,2982.983,271.996,0,649.132,0,917.29,NA,379.49,0,0,143.328,2688.81,1501.511,0,0,0,3501.427,328.714,639.93,137.915,266.892,61.876,170.525,NA,136.553,63.589,198.523,NA,72.987,0,0,102.859,0,111.202,NA,NA,NA,NA,NA,NA
"ORT.2.10_2012",2486.525,4215.557,753.567,412.382,606.746,0,1091.288,248.552,508.787,291.539,2119.49,6135.95,353.996,0,211.052,246.05,362.404,NA,0,0,0,133.994,131.569,1058.216,195.327,132.326,0,771.742,236.707,0,79.212,270.178,90.833,205.946,NA,392.638,0,591.416,NA,251.882,0,0,126.9,0,219.859,NA,NA,NA,NA,NA,NA
"ORT.2.3_2012",426.231,3412.401,0,0,542.242,0,494.09,578.661,829.738,0,658.409,1886.851,0,601.059,394.253,0,583.999,NA,163.166,0,173.174,250.28,2933.905,1471.56,371.908,178.543,0,1558.621,109.338,569.634,74.502,210.236,0,172.046,NA,142.703,0,375.18,NA,140.979,430.795,208.647,0,0,177.19,NA,NA,NA,NA,NA,NA
"ORT.2.4_2012",646.485,2242.36,486.348,0,487.288,0,634.042,326.897,318.888,0,1126.899,1763.922,0,358.611,217.228,0,126.703,NA,0,0,0,0,709.33,0,141.086,0,185.56,0,116.437,477.488,0,139.142,0,79.148,NA,60.209,0,363.269,NA,189.909,0,0,0,0,164.519,NA,NA,NA,NA,NA,NA
"ORT.2.5_2012",1544.525,4550.618,892.872,429.9,462.124,212.427,421.737,525.8,990.42,361.781,687.552,7799.063,381.596,0,434.221,388.259,1758.143,NA,211.964,139.366,183.687,300.884,5645.62,1612.543,491.127,191.689,149.772,3008.066,211.413,0,82.064,474.486,82.624,320.215,NA,148.077,139.474,375.216,NA,98.382,0,0,166.88,0,182.469,NA,NA,NA,NA,NA,NA
"ORT.2.6_2012",0,2152.866,0,0,581.132,138.408,178.474,364.996,772.194,0,389.987,1355.731,0,0,231.88,0,278.17,NA,146.406,0,0,142.275,1892.552,939.305,174.99,104.357,0,2729.7,81.174,337.164,0,81.811,0,88.819,NA,0,0,231.085,NA,131.879,0,139.26,0,0,123.284,NA,NA,NA,NA,NA,NA
"ORT.2.9_2012",4013.794,4640.29,634.709,293.353,1047.029,0,996.908,706.323,593.866,0,1700.55,3197.175,205.747,0,726.751,578.279,301.51,NA,140.317,185.925,0,229.689,86.118,648.167,145.221,73.333,0,684.827,191.299,576.882,0,152.653,0,162.661,NA,303.658,0,580.257,NA,118.988,500.699,0,0,0,170.29,NA,NA,NA,NA,NA,NA
"ORT.3.1_2012",676.869,3106.537,0,0,1344.376,187.493,482.328,5845.966,328.218,0,2182.137,1607.957,1276.695,0,450.168,333.156,0,NA,116.562,267.966,0,1950.976,5136.517,715.211,234.261,0,153.281,227.667,243.608,333.177,59.483,217.57,0,120.555,NA,64.602,0,207.371,NA,85.247,0,0,136.598,113.391,0,NA,NA,NA,NA,NA,NA
"ORT.3.10_2012",702.158,2922.323,482.832,0,1412.122,0,1219.715,11026.333,0,0,2042.547,166.073,1073.216,0,218.485,216.31,0,NA,0,236.596,0,3435.645,4704.959,0,295.578,0,102.919,182.578,143.037,444.244,177.246,588.051,106.411,370.283,NA,203.922,0,342.077,NA,0,0,0,0,192.177,0,NA,NA,NA,NA,NA,NA
"ORT.3.5_2012",327.467,3642.305,924.324,341.814,346.079,0,146.869,2015.425,305.222,0,1243.206,2180.522,1085.609,176.378,177.679,0,506.732,NA,284.486,0,0,1317.477,498.309,0,209.475,104.107,0,986.615,130.489,542.061,101.739,244.745,163.754,221.042,NA,58.98,106.144,401.313,NA,132.161,0,0,0,100.052,0,NA,NA,NA,NA,NA,NA
"ORT.3.7_2012",352.089,2432.204,520.46,0,1090.285,184.813,425.616,2844.991,652.29,0,2396.956,1925.378,859.56,268.03,206.428,0,1023.486,NA,0,0,0,1024.729,4100.087,544.985,184.534,75.146,0,3017.162,295.796,421.131,193.658,510.556,0,165.425,NA,122.333,0,263.654,NA,123.761,0,0,103.116,0,0,NA,NA,NA,NA,NA,NA
"ORTW.2.1_2012",456.275,2205.193,486.387,0,1353.957,0,528.139,10270.469,0,0,1574.931,386.442,1407.81,211.464,212.814,0,0,NA,167.669,0,0,3348.979,192.879,0,556.432,0,457.734,0,156.138,514.217,167.277,418.838,81.645,252.836,NA,61.403,0,91.017,NA,78.514,0,0,0,92.145,0,NA,NA,NA,NA,NA,NA
"UTT.1.1_2012",743.798,4078.593,636.804,261.982,322.116,0,1545.547,656.544,825.946,0,1650.632,5729.965,252.328,0,659.226,415.936,791.512,NA,377.596,0,162.148,173.782,4273.269,1820.9,222.412,0,0,5450.581,171.72,394.894,147.719,669.765,81.312,369.945,NA,281.245,123.151,79.155,NA,231.422,470.399,0,0,0,156.032,NA,NA,NA,NA,NA,NA
"UTT.1.2_2012",296.987,4089.991,789.594,281.178,295.824,0,384.577,357.18,777.103,352.465,2732.291,2707.42,216.993,0,350.629,245.803,582.91,NA,0,151.888,235.591,126.73,85.328,1393.958,365.544,0,0,3144.035,285.408,229.81,53.46,164.828,76.46,122.289,NA,105.381,210.191,207.642,NA,249.477,551.472,0,0,0,171.876,NA,NA,NA,NA,NA,NA
"UTT.1.5_2012",0,3218.328,0,0,593.854,0,249.191,464.05,715.069,0,2055.244,2734.957,161.839,0,564.795,469.871,516.88,NA,123.442,0,173.667,141.236,867.436,0,260.485,0,76.647,2071.832,188.117,264.774,0,199.612,0,93.315,NA,69.276,153.045,160.14,NA,200.863,0,117.828,0,0,210.309,NA,NA,NA,NA,NA,NA
"UTT.1.6_2012",1914.464,5002.779,823.669,312.497,0,0,369.473,161.642,573.824,0,1988.952,2367.628,192.245,168.931,156.349,0,277.187,NA,0,0,166.218,90.218,1505.962,835.215,166.489,0,0,2973.446,206.586,509.27,0,136.859,95.812,86.492,NA,127.631,142.398,87.625,NA,0,0,0,0,0,213.04,NA,NA,NA,NA,NA,NA
"UTT.1.8_2012",144.962,3144.306,690.474,232.868,292.128,0,0,389.28,613.347,0,2156.458,3637.943,192.98,343.941,230.296,0,489.868,NA,0,0,163.642,124.551,0,1176.22,257.06,97.206,0,1931.047,174,215.166,59.354,260.604,0,127.761,NA,75.997,191.748,0,NA,249.375,0,135.815,0,0,189.237,NA,NA,NA,NA,NA,NA
"UTT.1.9_2012",1620.614,7235.198,0,0,327.132,0,827.285,392.701,1034.183,0,2902.019,1762.526,163.937,0,488.18,402.125,371.764,NA,114.846,245.681,233.745,172.912,3507.737,1070.926,180.532,124.198,0,3734.547,275.971,729.397,82.611,123.662,103.392,152.88,NA,67.024,170.173,0,NA,128.628,0,0,0,87.66,295.976,NA,NA,NA,NA,NA,NA
"UTT.2.3_2012",0,2102.042,0,0,364.058,146.475,191.881,535.964,502.911,0,261.643,5333.178,188.729,0,295.714,0,510.251,NA,131.126,0,0,204.834,79.113,1190.074,265.98,69.275,0,1716.979,0,280.83,0,191.196,0,126.087,NA,64.083,143.796,0,NA,349.408,0,170.584,0,0,134.67,NA,NA,NA,NA,NA,NA
"UTT.3.10_2012",512.087,2627.065,494.616,0,288.501,0,177.84,273.012,451.57,0,581.417,1761.542,0,289.333,190.595,0,268.857,NA,0,0,131.794,97.639,87.883,705.277,324.612,0,0,2103.741,0,352.984,0,119.055,0,0,NA,176.354,246.763,0,NA,373.758,285.081,0,0,0,212.233,NA,NA,NA,NA,NA,NA
"UTT.3.3_2012",486.404,3773.722,571.127,236.901,228.214,0,524.871,232.189,510.435,0,1877.303,2357.34,161.783,257.733,174.35,0,367.042,NA,167.854,0,0,77.288,814.301,0,135.735,0,0,1470.143,184.477,538.726,0,119.508,0,0,NA,165.902,179.998,162.761,NA,150.726,480.124,0,0,0,184.673,NA,NA,NA,NA,NA,NA
"WAT.1.3_2012",428.315,5451.254,992.696,458.896,1494.395,0,2068.63,1278.469,740.677,0,1767.158,4881.589,261.805,0,751.772,457.9,328.235,NA,402.236,0,138.422,402.264,76.541,1704.516,168.589,0,0,1901.004,183.391,391.244,74.192,315.086,0,234.948,NA,124.234,0,0,NA,105.644,651.076,0,0,0,136.492,NA,NA,NA,NA,NA,NA
"WAT.1.4_2012",469.334,3867.459,534.733,264.969,1628.282,0,668.135,6094.02,378.119,0,2418.679,2179.517,469.612,0,436.016,0,140.724,NA,117.549,213.55,0,1889.834,4502.443,1168.394,241.302,120.101,485.712,0,240.744,517.736,250.986,546.172,0,312.256,NA,188.164,0,64.801,NA,0,0,0,0,0,0,NA,NA,NA,NA,NA,NA
"WAT.1.6_2012",706.2,3216.309,0,0,1497.477,0,677.282,566.043,1400.937,0,1980.194,941.355,0,0,483.03,336.593,400.125,NA,211.404,227.684,0,149.345,2845.648,1824.226,427.566,0,0,2035.083,290.682,213.531,0,99.354,58.571,95.833,NA,60.92,0,159.574,NA,98.05,0,0,0,0,164.683,NA,NA,NA,NA,NA,NA
"WAT.1.9_2012",2717.448,3531.621,0,0,728.862,0,752.356,642.15,1205.229,0,1867.424,384.223,0,0,726.247,552.208,290.107,NA,193.138,219.681,0,221.801,4608.996,717.364,271.968,97.94,0,1317.079,265.869,430.651,0,0,0,58.121,NA,115.182,0,355.023,NA,0,0,0,0,0,265.889,NA,NA,NA,NA,NA,NA
"CAV.3.6_2012",0,0,NA,NA,464.936,527.58,583.418,1076.116,0,135.825,4201.215,0,718.804,0,0,0,0,0,NA,0,NA,176.996,5737.262,NA,0,163.475,0,248.209,427.464,273.15,0,0,NA,0,NA,0,0,732.698,0,549.873,NA,NA,NA,NA,NA,0,0,0,293.669,0,NA
"CAV.4.1_2012",872.581,1069.941,NA,NA,1051.229,473.061,1014.69,1555.498,170.946,130.253,4848.785,2555.644,525.089,0,297.426,231.765,149.442,0,NA,124.285,NA,412.306,4932.153,NA,278.351,108.157,68.007,378.289,376.995,449.662,0,0,NA,0,NA,69.454,106.799,1144.079,125.063,517.231,NA,NA,NA,NA,NA,0,0,0,167.861,0,NA
"CAV.4.4_2012",0,944.269,NA,NA,1109.255,657.941,807.619,2294.53,0,196.408,5592.756,248.111,1718.468,210.043,154.816,0,0,0,NA,138.801,NA,358.079,7375.787,NA,172.568,188.22,0,305.002,574.224,163.73,0,131.129,NA,71.336,NA,0,0,1276.036,0,386.672,NA,NA,NA,NA,NA,0,0,0,193.371,0,NA
"COVW.2.2_2012",927.466,1287.518,NA,NA,548.985,0,778.592,2254.016,0,0,1091.742,2392.607,1094.026,935.105,115.724,0,0,0,NA,0,NA,744.274,116.824,NA,143.778,0,0,0,89.216,189.63,57.757,159.595,NA,0,NA,0,75.597,160.798,58.848,152.136,NA,NA,NA,NA,NA,151.573,0,0,0,345.111,NA
"COVW.2.3_2012",912.991,0,NA,NA,161.575,0,523.228,1256.598,580.484,0,1403.042,0,0,0,0,0,2120.984,0,NA,0,NA,581.258,2632.389,NA,106.321,0,0,4314.075,0,0,0,70.445,NA,0,NA,89.224,133.425,202.302,0,592.965,NA,NA,NA,NA,NA,0,0,0,381.079,0,NA
"COVW.2.6_2012",436.323,473.507,NA,NA,0,0,0,662.089,513.855,0,1009.622,1274.848,0,491.813,0,0,2183.955,0,NA,0,NA,243.458,0,NA,0,81.181,0,1958.63,0,0,0,57.059,NA,76.781,NA,90.61,0,97.286,0,98.092,NA,NA,NA,NA,NA,1096.656,0,0,300.153,95.037,NA
"COVW.2.7_2012",758.343,2053.724,NA,NA,1422.313,1496.386,3472.045,6512.931,0,328.382,0,1126.87,1545.694,201.139,400.946,391.321,126.1,180.251,NA,0,NA,1508.142,12463.695,NA,382.375,420.974,64.665,537.405,887.889,0,107.94,313.467,NA,182.268,NA,272.343,69.486,198.868,0,127.637,NA,NA,NA,NA,NA,0,0,173.604,160.11,0,NA
"NVV.3.4_2012",1174.152,0,NA,NA,1977.441,2248.604,3051.724,958.741,1151.945,238.934,12647.732,0,475.854,258.3,0,0,1528.3,0,NA,0,NA,0,11082.368,NA,0,176.019,0,894.75,1053.784,724.504,0,0,NA,0,NA,148.643,0,343.135,0,156.731,NA,NA,NA,NA,NA,0,0,250.595,0,0,NA
"NVV.3.5_2012",891.755,0,NA,NA,816.821,649.167,3733.898,1024.611,0,284.479,8054.577,0,767.44,188.923,0,0,117.902,130.854,NA,0,NA,149.289,12823.044,NA,0,151.987,0,986.738,610.961,0,0,0,NA,0,NA,153.581,329.497,972.35,121.74,370.134,NA,NA,NA,NA,NA,0,165.859,0,351.954,0,NA
"ORV.1.1_2012",1158.694,1028.308,NA,NA,691.534,203.037,1732.71,3787.417,0,0,2308.801,880.048,1232.147,451.916,153.457,0,0,0,NA,0,NA,576.758,4652.22,NA,0,0,105.98,0,118.478,0,60.461,231.379,NA,91.319,NA,0,0,155.087,0,73.628,NA,NA,NA,NA,NA,1786.017,0,0,0,123.052,NA
"ORV.1.10_2012",986.628,1875.632,NA,NA,649.384,303.989,2417.725,2549.45,0,0,2772.073,313.138,433.168,0,124.105,113.819,0,0,NA,0,NA,846.673,8859.785,NA,174.898,142.343,0,387.369,150.874,141.731,86.453,81.915,NA,108.04,NA,290.167,0,198.996,0,69.294,NA,NA,NA,NA,NA,0,0,0,139.477,0,NA
"ORV.1.3_2012",645.306,1001.024,NA,NA,1483.017,309.665,2256.239,5851.992,155.749,0,422.614,626.762,799.999,0,321.968,309.907,193.373,108.682,NA,169.999,NA,1806.906,7980.465,NA,368.3,102.048,64.199,1136.424,75.952,334.109,75.012,198.772,NA,159.036,NA,86.54,135.096,251.224,89.003,324.12,NA,NA,NA,NA,NA,0,0,0,0,0,NA
"ORV.1.4_2012",572.632,1927.924,NA,NA,1566.717,424.963,2523.562,5225.771,0,0,794.735,2237.278,1876.797,1288.445,338.695,304.874,0,127.942,NA,199.667,NA,1471.517,6723.435,NA,207.628,93.542,0,587.005,67.7,103.755,87.449,157.643,NA,133.599,NA,291.995,0,699.492,0,145.025,NA,NA,NA,NA,NA,770.19,0,0,0,213.857,NA
"ORV.1.5_2012",427.964,986.06,NA,NA,2255.33,0,0,848.354,0,0,3662.657,1885.827,399.822,702.759,133.842,88.38,0,0,NA,0,NA,214.254,0,NA,173.908,0,0,129.977,263.297,148.208,0,86.269,NA,62.322,NA,73.533,0,745.061,0,229.147,NA,NA,NA,NA,NA,673.214,0,0,0,283.015,NA
"ORV.1.6_2012",1009.08,2122.798,NA,NA,1743.618,191.108,839.578,2646.591,0,150.867,6966.095,220.979,1187.527,0,232.853,208.514,0,0,NA,122.594,NA,759.975,3765.339,NA,242.787,83.746,64.783,508.413,389.693,153.257,71.961,141.126,NA,111.771,NA,207.399,83.136,190.052,101.493,164.39,NA,NA,NA,NA,NA,0,158.764,0,147.795,0,NA
"ORV.1.8_2012",321.604,1808.072,NA,NA,1210.724,455.517,2734.274,3258.512,0,0,1658.795,2005.001,2311.697,1110.826,193.837,166.876,0,97.569,NA,185.229,NA,1558.06,8474.887,NA,210.399,196.386,0,308.979,114.881,112.175,93.077,332.261,NA,146.257,NA,98.271,76.562,538.938,151.639,256.605,NA,NA,NA,NA,NA,692.692,0,0,118.505,355.642,NA
"UTV.3.4_2012",681.533,0,NA,NA,0,0,151.565,2914.587,0,155.77,1128.008,0,488.913,0,0,0,0,5090.847,NA,1228.265,NA,0,0,NA,0,0,0,148.364,555.362,390.773,0,0,NA,0,NA,93.55,0,116.336,0,203.425,NA,NA,NA,NA,NA,0,107.729,750.139,0,0,NA
"UTV.3.5_2012",1235.815,0,NA,NA,0,502.906,297.648,206.777,0,173.626,2148.899,0,524.292,0,0,0,0,0,NA,219.924,NA,0,8973.818,NA,0,0,0,737.368,749.351,376.622,0,0,NA,0,NA,166.496,0,256.096,0,153.164,NA,NA,NA,NA,NA,0,147.918,816.807,0,0,NA
"CAV.1.10_2012",0,1032.259,NA,NA,684.104,627.418,2148.734,3632.736,NA,144.112,4761.979,206.283,1066.426,0,160.469,166.229,0,0,NA,NA,NA,866.221,7611.955,NA,185.36,258.298,NA,460.384,342.662,251.731,0,93.506,NA,119.456,NA,137.759,79.243,538.467,235.761,225.451,NA,NA,NA,NA,NA,NA,0,NA,109.578,0,0
"CAV.1.4_2012",770.886,811.592,NA,NA,400.15,0,0,1466.994,NA,0,736.276,1147.914,568.921,0,179.355,185.942,0,0,NA,NA,NA,423.362,0,NA,220.389,0,NA,0,0,134.591,0,95.507,NA,94.457,NA,0,0,304.049,140.032,281.535,NA,NA,NA,NA,NA,NA,0,NA,0,0,0
"CAV.1.6_2012",1014.584,1118.436,NA,NA,1860.885,196.481,631.27,2084.036,NA,0,1099.829,179.015,168.01,197.681,177.078,0,0,0,NA,NA,NA,377.855,2148.077,NA,221.679,0,NA,178.95,93.578,210.666,0,98.131,NA,122.58,NA,0,0,0,88.01,0,NA,NA,NA,NA,NA,NA,0,NA,0,0,0
"CAV.1.7_2012",760.501,0,NA,NA,273.098,254.593,884.708,1875.573,NA,0,1134.304,0,0,0,0,0,0,0,NA,NA,NA,366.296,2904.006,NA,175.369,0,NA,0,119.681,222.511,0,72.414,NA,82.39,NA,121.628,0,0,0,0,NA,NA,NA,NA,NA,NA,0,NA,0,0,0
"CAV.1.9_2012",1013.283,910.08,NA,NA,1687.362,421.17,1424.939,4009.599,NA,0,2091.774,0,606.821,108.562,121.316,0,0,0,NA,NA,NA,586.384,5047.77,NA,147.711,80.362,NA,122.652,155.831,760.618,110.739,160.697,NA,89.053,NA,55.818,0,283.415,0,102.725,NA,NA,NA,NA,NA,NA,0,NA,88.525,0,0
"CAV.2.10_2012",1022.986,1137.044,NA,NA,509.792,261.468,0,3331.467,NA,182.212,6892.299,2875.998,391.359,142.393,0,0,255.805,0,NA,NA,NA,104.508,120.759,NA,139.068,115.728,NA,445.475,437.124,210.584,0,119.689,NA,0,NA,0,0,644.963,105.558,180.889,NA,NA,NA,NA,NA,NA,0,NA,0,0,0
"CAV.2.6_2012",0,0,NA,NA,243.184,329.813,886.498,1096.891,NA,179.391,6224.151,0,636.68,0,0,0,0,0,NA,NA,NA,105.563,3578.371,NA,0,187.976,NA,460.68,533.348,122.339,0,74.893,NA,0,NA,280.106,0,1137.82,77.325,680.82,NA,NA,NA,NA,NA,NA,122.232,NA,98.752,0,0
"CAV.2.7_2012",630.912,0,NA,NA,498.77,327.913,1082.522,1580.821,NA,162.708,5697.307,124.02,953.683,0,132.261,110.256,0,187.091,NA,NA,NA,240.961,4801.104,NA,132.491,214.181,NA,329.971,459.022,0,0,0,NA,0,NA,127.334,0,620.829,0,374.685,NA,NA,NA,NA,NA,NA,117.123,NA,219.839,0,0
"CAVW.3.1_2012",784.843,1099.363,NA,NA,1308.216,454.582,1049.64,5027.877,NA,0,5647.794,84.517,669.172,186.951,188.614,0,0,0,NA,NA,NA,834.485,4324.833,NA,142.299,135.096,NA,228.992,562.669,188.285,0,0,NA,0,NA,0,93.257,979.117,463.721,520.825,NA,NA,NA,NA,NA,NA,114.369,NA,198.984,0,0
"CAVW.3.5_2012",364.072,0,NA,NA,666.102,3094.079,724.977,1799.885,NA,171.521,6574.377,0,546.542,0,0,0,0,0,NA,NA,NA,101.843,2387.52,NA,619.743,0,NA,203.91,539.668,500.198,112.758,94.511,NA,0,NA,0,77.399,441.791,136.802,142.629,NA,NA,NA,NA,NA,NA,137.574,NA,214.121,0,103.639
"CAVW.3.8_2012",597.073,0,NA,NA,379.913,521.413,1857.474,1141.715,NA,114.394,3922.589,0,556.261,0,0,0,0,0,NA,NA,NA,71.082,6648.924,NA,0,204.002,NA,523.754,324.091,0,0,0,NA,0,NA,85.655,0,825.526,671.581,475.944,NA,NA,NA,NA,NA,NA,0,NA,130.288,0,0
"IDV.2.7_2012",585.076,0,NA,NA,495.41,318.943,1779.763,976.628,NA,0,2832.21,917.635,422.198,683.86,0,0,0,0,NA,NA,NA,120.193,5183.623,NA,0,153.359,NA,456.237,193.915,146.484,0,0,NA,0,NA,84.49,0,249.899,74.765,129.59,NA,NA,NA,NA,NA,NA,0,NA,0,116.195,55.58
"IDV.2.8_2012",648.159,0,NA,NA,743.479,1220.048,3580.702,1675.982,NA,0,4618.545,757.936,378.642,510.272,0,0,0,0,NA,NA,NA,109.635,11492.551,NA,0,156.37,NA,297.993,198.787,0,0,74.355,NA,0,NA,80.55,59.477,338.997,213.387,336.278,NA,NA,NA,NA,NA,NA,0,NA,146.109,79.126,60.295
"IDV.3.4_2012",638.075,627.575,NA,NA,743.879,1421.804,3735.31,2334.015,NA,231.247,10543.548,134.685,1085.729,142.244,0,0,94.116,0,NA,NA,NA,277.599,14957.374,NA,0,276.412,NA,386.927,493.16,128.671,103.376,144.073,NA,64.032,NA,277.317,0,592.817,587.184,237.461,NA,NA,NA,NA,NA,NA,251.027,NA,287.101,0,0
"IDV.3.5_2012",0,0,NA,NA,0,485.71,2694.068,310.677,NA,0,9651.707,0,207.505,164.4,0,0,0,0,NA,NA,NA,0,9812.88,NA,0,273.881,NA,423.339,249.469,0,0,0,NA,0,NA,261.076,151.004,383.645,384.461,376.345,NA,NA,NA,NA,NA,NA,184.148,NA,340.841,0,0
"IDV.3.7_2012",0,0,NA,NA,0,429.638,2679.742,381.655,NA,181.174,6455.189,0,288.782,0,0,0,0,0,NA,NA,NA,0,11196.276,NA,0,118.323,NA,543.601,444.064,0,0,0,NA,0,NA,84.009,260.752,940.702,624.195,475.535,NA,NA,NA,NA,NA,NA,183.775,NA,217.633,0,0
"IDV.3.8_2012",504.766,1362.941,NA,NA,1516.965,224.486,1626.795,664.406,NA,160.001,5573.295,5132.827,401.856,0,424.784,454.485,224.498,181.062,NA,NA,NA,188.75,5066.406,NA,253.231,97.82,NA,436.565,195.945,0,0,145.289,NA,143.537,NA,107.743,172.646,356.181,199.356,135.84,NA,NA,NA,NA,NA,NA,155.443,NA,186.298,0,0
"IDV.5.1_2012",640.03,982.661,NA,NA,630.767,305.323,1587.405,3409.616,NA,122.22,153.006,980.656,1420.273,553.21,207.04,195.498,0,0,NA,NA,NA,364.639,86.932,NA,180.478,0,NA,445.231,0,0,79.811,244.378,NA,100.429,NA,50.947,0,474.457,0,270.008,NA,NA,NA,NA,NA,NA,0,NA,0,227.232,135.551
"IDV.5.10_2012",183.83,1091.337,NA,NA,1066.19,403.886,1985.9,7553.838,NA,131.194,5150.629,131.874,869.059,0,360.534,347.739,0,90.763,NA,NA,NA,768.866,7542.462,NA,123.868,72.858,NA,249.037,463.36,553.617,143.837,198.089,NA,90.848,NA,148.305,141.477,116.384,0,0,NA,NA,NA,NA,NA,NA,113.01,NA,113.395,0,0
"IDV.5.2_2012",802.849,577.302,NA,NA,2704.079,0,0,0,NA,0,179.178,1732.669,0,1281.287,0,0,645.74,0,NA,NA,NA,0,102.082,NA,0,0,NA,10584.11,0,0,0,0,NA,0,NA,50.895,0,278.223,324.517,264.068,NA,NA,NA,NA,NA,NA,0,NA,0,487.966,282.018
"IDV.5.7_2012",0,0,NA,NA,7767.141,139.578,722.221,0,NA,0,0,615.263,0,475.553,0,0,0,0,NA,NA,NA,0,2953.861,NA,0,0,NA,0,0,0,84.516,0,NA,0,NA,74.814,0,170.241,0,92.318,NA,NA,NA,NA,NA,NA,0,NA,0,293.737,383.915
"IDV.5.8_2012",568.337,0,NA,NA,0,1347.065,4211.394,981.824,NA,150.976,6374.696,0,227.995,158.508,0,0,0,0,NA,NA,NA,0,10822.998,NA,0,86.919,NA,914.264,314.844,179.726,0,0,NA,0,NA,879.186,0,166.887,156.525,76.102,NA,NA,NA,NA,NA,NA,123.586,NA,294.082,0,182.203
"IDV.5.9_2012",0,0,NA,NA,0,266.344,364.149,0,NA,0,254.873,1928.288,0,1319.628,0,0,574.59,0,NA,NA,NA,0,1521.061,NA,0,0,NA,13048.754,0,185.393,0,0,NA,0,NA,0,0,97.353,195.187,414.883,NA,NA,NA,NA,NA,NA,0,NA,0,517.156,0
"MTV.1.10_2012",791.165,0,NA,NA,0,2919.82,7728.833,542.157,NA,365.319,0,0,583.145,202.91,0,0,157.896,0,NA,NA,NA,0,27817.169,NA,0,503.333,NA,508.971,730.362,0,0,0,NA,0,NA,240.573,0,212.272,131.786,105.743,NA,NA,NA,NA,NA,NA,294.698,NA,352.713,0,0
"NVV.2.5_2012",1055.939,2172.391,NA,NA,2566.353,714.876,1499.555,3127.426,NA,280.064,10286.657,359.154,2432.908,113.225,148.609,0,126.623,100.55,NA,NA,NA,1490.34,6723.375,NA,136.353,318.736,NA,499.598,790.357,212.301,106.219,216.386,NA,172.36,NA,85.787,172.001,1087.165,152.863,623.466,NA,NA,NA,NA,NA,NA,0,NA,83.542,68.726,0
"NVV.2.9_2012",0,0,NA,NA,546.501,0,729.979,666.245,NA,159.084,4292.028,0,254.516,0,0,0,0,7885.747,NA,NA,NA,0,2870.647,NA,1457.842,0,NA,409.695,429.706,0,70.885,0,NA,1035.403,NA,0,0,348.431,0,280.577,NA,NA,NA,NA,NA,NA,0,NA,0,0,90.255
"UTV.1.7_2012",663.627,655.602,NA,NA,504.326,266.264,1441.237,1065.356,NA,0,3953.453,0,298.141,0,0,0,0,7824.195,NA,NA,NA,95.251,3386.61,NA,0,101.696,NA,1112.815,228.452,350.338,0,0,NA,0,NA,311.201,85.334,362.598,254.174,315.554,NA,NA,NA,NA,NA,NA,0,NA,0,0,0
"COW.1.2_2012",742.898,940.912,0,0,0,571.333,1790.123,2331.686,0,344.653,12048.99,163.267,931.148,156.079,140.976,0,130.167,0,0,0,NA,934.062,8798.309,0,252.514,459.583,0,440.803,1023.473,175.493,57.728,105.359,NA,130.224,NA,235.375,91.091,250.493,0,382.527,NA,NA,NA,NA,0,NA,NA,NA,134.93,NA,NA
"COW.1.8_2012",457.876,849.655,0,0,372.948,0,307.254,2992.439,1760.535,129.313,5491.396,954.275,0,586.041,97.643,91.609,3350.363,0,0,0,NA,1293.031,872.784,0,269.58,0,0,3477.293,455.788,263.457,0,70.575,NA,74.943,NA,0,0,115.267,0,0,NA,NA,NA,NA,0,NA,NA,NA,151.69,NA,NA
"IDW.1.2_2012",1515.106,5217.084,0,0,4121.907,0,0,1727.829,1009.174,0,1622.218,5237.582,353.212,0,1702.391,1052.62,292.623,0,473.328,365.583,NA,802.995,0,3017.507,495,0,0,1335.936,163.142,508.95,0,181.497,NA,125.944,NA,112.684,0,304.25,97.268,0,NA,NA,NA,NA,179.997,NA,NA,NA,0,NA,NA
"IDW.1.3_2012",210.701,2266.039,0,0,1307.479,0,229.519,634.404,387.094,0,695.724,3889.051,159.941,0,690.545,514.03,213.35,0,0,161.172,NA,280.808,1093.163,926.628,305.317,0,159.011,502.499,71.207,338.985,0,79.766,NA,0,NA,0,0,351.777,103.609,145.728,NA,NA,NA,NA,147.627,NA,NA,NA,0,NA,NA
"IDW.1.4_2012",0,0,0,0,0,364.083,2376.024,391.621,0,0,5984.627,0,102.2,0,0,0,0,0,0,0,NA,0,10504.254,0,0,312.563,0,380.955,146.164,340.304,0,0,NA,0,NA,87.73,91.018,365.056,311.88,250.998,NA,NA,NA,NA,0,NA,NA,NA,178.315,NA,NA
"IDW.1.5_2012",1550.725,5164.424,559.852,246.204,2444.74,0,506.794,3230.24,561.982,0,1590.29,5796.727,660.632,115.202,1197.95,993.653,355.785,0,215.519,218.181,NA,1015.318,89.144,786.801,348.412,0,0,1317.851,136.018,484.808,76.386,258.537,NA,145.218,NA,110.829,90.791,772.96,183.975,243.508,NA,NA,NA,NA,111.981,NA,NA,NA,166.919,NA,NA
"IDW.1.6_2012",583.667,4408.943,477.849,297.68,1522.903,0,264.88,1671.699,1057.043,180.141,3904.111,0,583.72,0,1386.704,867.419,1418.501,0,320.495,249.881,NA,765.673,78.425,3260.423,257.191,0,258.067,1237.851,238.527,306.295,0,393.032,NA,235.143,NA,313.563,0,725.883,211.142,122.216,NA,NA,NA,NA,145.2,NA,NA,NA,194.124,NA,NA
"IDW.1.7_2012",418.897,3562.427,445.595,0,2224.816,0,377.057,1276.817,543.637,195.041,4820.249,10813.887,556.788,0,892.858,628.681,278.63,0,249.731,0,NA,475.391,1508.051,2106.427,244.165,0,160.231,863.286,344.484,382.981,0,196.383,NA,0,NA,64.467,79.525,504.565,0,80.952,NA,NA,NA,NA,87.541,NA,NA,NA,0,NA,NA
"IDW.1.8_2012",476.824,4785.96,733.915,385.997,1108.235,0,0,1116.295,717.856,383.551,2867.525,7630.493,306.508,0,1090.194,699.56,358.031,0,0,195.231,NA,509.665,153.282,2256.568,516.99,0,196.473,1568.663,235.252,184.187,0,167.926,NA,122.428,NA,88.729,103.168,665.354,0,100.151,NA,NA,NA,NA,197.448,NA,NA,NA,235.082,NA,NA
"IDW.2.2_2012",0,3055.167,733.641,267.522,2551.138,0,158.775,3834.343,447.291,0,1720.49,5286.784,2100.375,0,383.774,431.92,857.065,125.787,199.7,0,NA,2056.564,721.175,0,293.164,0,0,630.208,137.044,399.334,116.504,404.6,NA,166.021,NA,210.284,0,354.671,0,121.776,NA,NA,NA,NA,0,NA,NA,NA,0,NA,NA
"IDW.2.3_2012",394.48,2974.36,646.867,243.416,3506.928,0,298.689,1342.173,635.507,0,1161.622,0,602.186,0,849.89,583.616,421.045,0,230.62,0,NA,646.283,1345.596,2753.3,680.137,468.093,0,561.296,84.535,0,68.696,677.326,NA,257.99,NA,183.019,0,183.658,0,0,NA,NA,NA,NA,73.352,NA,NA,NA,0,NA,NA
"IDW.3.10_2012",889.071,3283.547,762.535,0,923.639,0,530.858,2062.173,227.188,0,381.845,5146.652,2401.005,898.725,310.363,302.123,177.484,101.568,0,272.66,NA,2064.484,81.843,799.627,0,0,0,582.934,77.979,521.467,169.643,466.623,NA,188.767,NA,134.49,0,333.91,0,0,NA,NA,NA,NA,0,NA,NA,NA,0,NA,NA
"IDW.3.2_2012",162.712,1722.405,514.61,0,2307.035,0,0,3676.845,225.127,0,206.549,4382.072,973.531,263.343,559.834,469.598,121.342,119.162,0,0,NA,1507.202,696.472,0,192.976,87.228,192.354,0,0,268.091,93.247,253.018,NA,0,NA,107.428,0,177.432,0,94.684,NA,NA,NA,NA,0,NA,NA,NA,0,NA,NA
"IDW.3.4_2012",615.025,2075.274,0,0,431.893,0,0,1227.551,274.746,0,0,3418.782,161.611,648.922,443.307,287.143,146.387,0,0,0,NA,626.362,95.522,839.372,237.419,88.242,0,355.393,0,255.571,0,101.358,NA,73.507,NA,0,0,163.443,0,0,NA,NA,NA,NA,144.923,NA,NA,NA,128.134,NA,NA
"IDW.3.6_2012",619.073,3445.348,0,0,2548.163,0,145.867,480.571,454.007,0,1388.784,3243.94,107.513,160.526,574.423,451.288,240.549,0,0,184.083,NA,257.42,751.772,719.786,265.884,0,99.811,740.734,129.485,398.682,0,0,NA,0,NA,0,0,305.898,0,142.745,NA,NA,NA,NA,157.071,NA,NA,NA,0,NA,NA
"IDW.3.8_2012",624.541,3456,631.778,0,1750.641,0,0,983.024,255.284,0,315.178,5018.684,1071.03,361.185,215.963,244.141,173.507,0,151.741,0,NA,914.354,0,887.105,201.384,0,106.515,432.864,94.113,397.596,96.506,388.415,NA,161.793,NA,80.173,0,763.608,0,156.04,NA,NA,NA,NA,155.441,NA,NA,NA,0,NA,NA
"MTW.1.2_2012",678.529,2467.639,460.327,0,401.978,531.07,1337.15,4587.028,0,330.89,12695.224,192.112,1089.034,161.593,402.651,328.222,121.383,0,0,182.135,NA,1270.824,6592.971,0,324.765,379.17,0,509.474,911.034,411.742,89.143,184.324,NA,201.97,NA,110.564,265.674,0,0,108.922,NA,NA,NA,NA,0,NA,NA,NA,104.109,NA,NA
"MTW.1.7_2012",620.085,1294.72,0,0,1017.19,617.121,2142.559,3902.043,0,0,6377.122,0,564.212,161.266,162.371,0,0,0,0,148.802,NA,1260.759,8891.673,0,216.507,310.388,77.153,428.357,468.806,263.473,0,118.478,NA,126.316,NA,199.935,234.854,0,0,100.969,NA,NA,NA,NA,0,NA,NA,NA,112.366,NA,NA
"MTW.3.4_2012",528.136,1616.041,0,0,766.749,0,499.752,4077.057,0,119.99,4841.937,303.699,1008.181,337.374,142.151,0,205.999,0,0,0,NA,1258.377,1789.649,0,265.713,0,0,577.026,406.946,335.284,95.488,199.636,NA,0,NA,54.278,0,0,0,0,NA,NA,NA,NA,0,NA,NA,NA,0,NA,NA
"MTW.3.7_2012",0,1334.606,0,0,593.614,0,365.499,2704.303,0,0,2907.841,248.377,895.865,0,294.57,223.251,0,0,0,151.864,NA,931.291,2449.259,0,324.207,107.412,0,0,218.41,153.208,76.427,112.43,NA,206.497,NA,0,180.923,130.746,0,116.814,NA,NA,NA,NA,0,NA,NA,NA,0,NA,NA
"ORW.1.1_2012",424.709,2777.65,0,0,4458.289,0,401.631,6364.082,346.358,0,1383.613,4737.852,1844.192,0,761.828,651.628,226.526,157.922,219.877,0,NA,2401.797,3108.44,685.14,372.132,0,264.629,0,125.427,437.869,91.88,232.323,NA,140.696,NA,93.591,0,219.633,101.006,0,NA,NA,NA,NA,0,NA,NA,NA,0,NA,NA
"UTW.1.1_2012",378.884,694.609,0,0,162.466,319.782,1667.872,1865.885,0,121.909,3703.355,396.671,411.677,266.166,0,0,0,0,0,0,NA,776.366,7873.821,0,117.764,186.427,0,179.556,300.825,320.875,0,0,NA,0,NA,76.91,83.339,392.463,0,466.798,NA,NA,NA,NA,0,NA,NA,NA,0,NA,NA
"UTW.1.4_2012",0,926.626,0,0,0,0,1324.046,1851.684,0,148.655,5112.612,98.879,467.962,100.535,100.577,0,0,0,0,0,NA,591.721,7661.853,0,142.949,191.428,0,496.124,514.562,385.263,84.66,124.151,NA,91.502,NA,255.414,120.118,237.271,111.974,661.861,NA,NA,NA,NA,0,NA,NA,NA,0,NA,NA
"UTW.2.10_2012",492.027,2035.892,0,0,892.274,0,404.704,2261.072,210.972,0,3398.076,1570.534,446.612,0,453.765,376.938,114.988,0,0,128.037,NA,822.278,297.372,0,259.956,0,0,212.118,286.808,381.929,0,84.681,NA,78.322,NA,0,0,325.722,0,0,NA,NA,NA,NA,0,NA,NA,NA,0,NA,NA
"UTW.2.3_2012",514.868,2774.553,498.259,0,1530.763,0,0,4834.027,166.973,0,749.586,1516.093,919.238,120.875,337.06,0,194.598,185.388,0,0,NA,1871.138,223.25,0,290.967,67.831,160.094,0,78.858,386.925,138.977,264.859,NA,138.703,NA,83.512,0,270.706,177.352,119.381,NA,NA,NA,NA,0,NA,NA,NA,0,NA,NA
"UTW.2.5_2012",1293.353,2303.353,441.624,0,1694.943,0,772.064,4328.311,0,0,2765.806,1354.732,1615.848,235.167,233.458,0,0,147.216,138.934,0,NA,1719.311,3693.844,336.538,0,74.243,321.622,0,184.66,92.281,153.708,504.094,NA,199.263,NA,135.522,0,227.811,154.455,78.049,NA,NA,NA,NA,0,NA,NA,NA,0,NA,NA
"UTW.2.6_2012",633.061,3086.591,545.142,0,2281.717,197.13,977.469,5502.897,272.704,181.094,4746.065,2232.258,1101.74,0,442.108,366.913,128.906,111.05,117.84,173.429,NA,2117.48,5493.289,510.066,340.467,0,120.522,375.267,389.993,411.895,114.33,295.598,NA,146.745,NA,125.328,70.696,380.452,0,148.499,NA,NA,NA,NA,0,NA,NA,NA,0,NA,NA
"UTWV.2.1_2012",754.512,1580.442,0,0,0,168.245,773.637,1593.223,0,134.787,4987.985,375.913,340.578,144.652,128.328,0,0,0,0,0,NA,466.822,4244.043,0,111.583,0,269.743,0,536.798,478.054,0,0,NA,0,NA,163.374,191.805,616.81,0,272.842,NA,NA,NA,NA,0,NA,NA,NA,0,NA,NA
"UTWV.2.6_2012",370.71,1788.617,0,0,397.338,217.414,889.58,4581.674,0,0,4405.913,276.014,731.585,250.441,240.396,0,0,84.95,177.946,0,NA,1234.357,4384.302,0,196.656,0,255.861,0,395.04,753.956,80.765,105.06,NA,0,NA,104.524,93.711,395.278,0,300.458,NA,NA,NA,NA,0,NA,NA,NA,0,NA,NA
"UTWV.2.7_2012",490.776,1641.392,0,0,537.757,0,0,2032.961,533.85,0,1856.693,790.893,0,448.438,72.941,0,1453.145,0,0,0,NA,718.316,519.348,0,188.124,0,0,1842.457,154.814,469.976,93.507,0,NA,0,NA,0,67.906,219.999,0,108.713,NA,NA,NA,NA,0,NA,NA,NA,97.87,NA,NA
"UTWV.2.8_2012",176.454,1084.882,0,0,0,0,479.171,475.139,742.025,0,1394.428,301.588,0,0,75.219,0,1624.237,0,0,0,NA,203.853,1668.86,0,0,0,0,1621.671,104.834,436.274,0,0,NA,0,NA,126.23,91.655,330.401,0,189.303,NA,NA,NA,NA,0,NA,NA,NA,179.901,NA,NA
"WAW.1.1_2012",141.35,1932.328,566.012,254.622,570.319,160.118,2434.508,6882.072,0,0,2242.856,421.797,1303.567,117.58,146.163,0,0,112.064,0,0,NA,2909.504,8641.09,0,162.295,0,0,155.352,185.033,428.034,129.459,541.379,NA,256.371,NA,111.146,219.143,356.498,177.469,153.225,NA,NA,NA,NA,0,NA,NA,NA,0,NA,NA
"WAW.1.2_2012",268.366,2120.5,520.861,0,1745.632,0,816.477,7808.818,0,0,3039.114,333.418,937.989,0,190.474,187.521,0,147.652,0,185.928,NA,2701.834,4903.339,0,374.324,0,98.643,137.665,305.472,447.009,139.254,210.516,NA,167.166,NA,125.283,103.153,296.091,86.141,105.218,NA,NA,NA,NA,0,NA,NA,NA,0,NA,NA
"WAW.1.3_2012",490.965,2073.459,533.762,0,971.294,192.75,1114.151,6272.649,0,181.492,6743.705,245.878,876.374,0,110.518,112.163,0,97.812,0,0,NA,2208.345,7488.005,134.397,420.119,126.634,129.932,382.092,668.09,358.513,59.505,100.164,NA,130.625,NA,0,170.927,474.948,105.919,136.614,NA,NA,NA,NA,0,NA,NA,NA,0,NA,NA
"WAW.1.4_2012",117.271,2236.118,671.514,0,988.513,176.749,1417.431,6425.449,0,180.315,6916.337,248.328,876.412,0,106.917,108.209,0,90.395,0,143.56,NA,2322.554,6556.806,125.496,419.009,118.123,125.977,298.223,584.198,353.387,77.813,127.418,NA,158.993,NA,131.249,126.517,580.468,156.774,82.518,NA,NA,NA,NA,0,NA,NA,NA,0,NA,NA
"WAW.1.5_2012",525.738,1591.245,0,0,719.862,0,1039.978,5528.846,0,0,3789.604,193.601,574.817,0,82.681,0,0,85.71,0,138.075,NA,2040.419,5717.167,0,393.967,99.618,132.421,194.028,415.188,428.722,80.476,127.325,NA,155.779,NA,96.889,109.979,303.467,194.593,144.67,NA,NA,NA,NA,0,NA,NA,NA,0,NA,NA
"WAW.1.6_2012",0,1215.686,0,0,691.879,192.716,1354.982,5362.771,0,134.986,5753.872,253.452,902.054,0,83.868,88.404,0,85.228,0,0,NA,2059.291,6534.94,0,353.732,101.755,128.385,161.494,512.417,429.107,77.588,117.6,NA,140.801,NA,0,139.287,372.57,175.591,116.713,NA,NA,NA,NA,0,NA,NA,NA,0,NA,NA
"WAW.1.7_2012",0,1729.088,674.559,278.294,878.405,0,253.449,6325.281,0,189.228,5477.453,434.378,1762.003,107.504,137.96,0,0,115.047,0,0,NA,3116.878,247.613,0,275.715,0,94.375,0,500.803,302.931,114.58,378.691,NA,223.543,NA,104.722,0,144.856,120.118,151.381,NA,NA,NA,NA,0,NA,NA,NA,0,NA,NA
"WYW.1.2_2012",698.042,2622.653,685.395,250.029,1661.698,0,556.71,8263.757,0,0,2187.871,1007.305,2091.942,464.111,252.783,0,0,167.282,0,489.678,NA,3193.327,557.534,0,124.56,0,111.632,0,128.049,148.563,172.52,780.027,NA,206.775,NA,294.47,89.044,104.703,0,85.412,NA,NA,NA,NA,0,NA,NA,NA,0,NA,NA
