plot#,Plant.ID,Height10-10,Crown10-10,Ellip_vol10,Crown7-11,Height 6-11,Ellip_vol11,Crown4-12,Height4-12,Ellip_vol12,2yr grw vol-cm,2yr grw vol-m,y2011,y2012,y2011_m,y2012_m
370,AZT-1-1,25.5,151.893,16224.32172,826.04,30,103803.2478,1150,48,231221.2193,318800.1454,0.318800145,103803.2478,127417.9715,0.103803248,0.127417971
423,AZT-1-10,30.5,352.102,44983.88296,1248.56,38,198738.3241,1675.9,60,421199.6103,574954.0514,0.574954051,198738.3241,222461.2861,0.198738324,0.222461286
87,AZT-1-2,31,234.385,30435.47736,979.63,36,147724.7237,1547.3,49,317584.4391,434873.6855,0.434873685,147724.7237,169859.7154,0.147724724,0.169859715
159,AZT-1-3,42.3,629.705,111574.8003,1952.821,45.5,372188.0652,2931.6,60,736791.4419,997404.7067,0.997404707,372188.0652,364603.3767,0.372188065,0.364603377
92,AZT-1-4,42.2,339.359,59987.45425,2065.962,50.5,437021.0101,1473.2,58,357913.6923,734947.2482,0.734947248,437021.0101,-79107.31783,0.43702101,-0.079107318
133,AZT-1-5,33,579.322,80079.72453,2252.796,44,415205.552,2703.5,61,690788.0534,1025913.881,1.025913881,415205.552,275582.5014,0.415205552,0.275582501
29,AZT-1-6,26.2,119.672,13133.55962,1073.239,36,161840.6284,599.7,41,102992.7169,251699.7857,0.251699786,161840.6284,-58847.91146,0.161840628,-0.058847911
211,AZT-1-7,24,224.772,22596.54605,1243.861,32.5,169333.8651,2261,46,435659.314,582396.6331,0.582396633,169333.8651,266325.4489,0.169333865,0.266325449
228,AZT-1-8,16.8,95.165,6696.920493,427.861,24.5,43909.38916,641.8,43,115599.7188,152812.1875,0.152812187,43909.38916,71690.32964,0.043909389,0.07169033
386,AZT-1-9,dead,15.369,#VALUE!,0,dead,#VALUE!,na,dead,#VALUE!,#VALUE!,#VALUE!,#VALUE!,#VALUE!,#VALUE!,#VALUE!
319,AZW-1-1,36.2,517.682,78498.29873,1535.772,43,276620.1485,327.7,25,34316.66375,232438.5136,0.232438514,276620.1485,-242303.4848,0.276620149,-0.242303485
275,AZW-1-10,17,91.462,6512.957205,317.507,23.5,31254.29997,446.4,33,61705.90626,86447.24903,0.086447249,31254.29997,30451.60629,0.0312543,0.030451606
312,AZW-1-2,40,747.865,125305.9835,1984.718,43,357483.3947,2185.9,47,430344.9959,662522.4071,0.662522407,357483.3947,72861.60125,0.357483395,0.072861601
348,AZW-1-3,36.5,208.109,31817.96034,692.181,42,121774.8417,920.7,48,185117.7188,275074.6002,0.2750746,121774.8417,63342.8771,0.121774842,0.063342877
283,AZW-1-4,34.5,307.116,44382.33499,1432.057,40,239943.4534,2510.2,51,536249.7598,731810.8782,0.731810878,239943.4534,296306.3064,0.239943453,0.296306306
54,AZW-1-5,24,131.742,13244.15038,975.127,29,118453.4704,1480.5,42,260463.1637,365672.4837,0.365672484,118453.4704,142009.6934,0.11845347,0.142009693
86,AZW-1-6,23,184.237,17749.79324,730.265,25,76473.17197,982.3,38,156356.6475,215080.0262,0.215080026,76473.17197,79883.47552,0.076473172,0.079883476
300,AZW-1-7,36.3,776.942,118136.4275,2164.932,47,426216.9599,3580.7,67,1004919.673,1313000.205,1.313000205,426216.9599,578702.7129,0.42621696,0.578702713
229,AZW-1-8,28.3,312.186,37007.39095,1083.539,35,158855.1142,1709,50,357932.123,479779.8463,0.479779846,158855.1142,199077.0088,0.158855114,0.199077009
334,AZW-1-9,23.5,97.084,9556.615944,459.421,27,51959.29099,1163.1,43,209495.2211,251897.8962,0.251897896,51959.29099,157535.9302,0.051959291,0.15753593
388,CAT-1-1,18.8,58.073,4573.205535,449.469,29.5,55540.57466,906.2,45,170814.6758,221782.0449,0.221782045,55540.57466,115274.1011,0.055540575,0.115274101
39,CAT-1-2,24.2,236.203,23943.59647,1556.379,33,215138.3886,1665.6,46,320935.0524,512129.8446,0.512129845,215138.3886,105796.6638,0.215138389,0.105796664
241,CAT-1-3,55.6,722.151,168186.6104,3234.95,61,826582.1393,4162.4,82,1429704.469,2088099.997,2.088099997,826582.1393,603122.3293,0.826582139,0.603122329
59,CAT-1-4,37.2,353.5,55083.42895,2385.991,42,419765.4606,3163.4,61,808299.955,1172981.987,1.172981987,419765.4606,388534.4943,0.419765461,0.388534494
225,CAT-1-5,32.6,718.792,98154.32578,2746.079,41.5,477364.0759,4569,69,1320562.189,1699771.939,1.699771939,477364.0759,843198.1129,0.477364076,0.843198113
52,CAT-2-1,31,292.546,37987.8284,1443.014,36,217601.3847,1440.9,67,404387.063,584000.6193,0.584000619,217601.3847,186785.6783,0.217601385,0.186785678
221,CAT-2-10,37.3,607.391,94899.90848,510.28,45.5,97254.24189,2898.9,73,886430.5265,888784.8599,0.88878486,97254.24189,789176.2846,0.097254242,0.789176285
344,CAT-2-2,32.2,525.806,70920.21092,1888.936,45,356056.0476,2796,63,737847.017,1022982.854,1.022982854,356056.0476,381790.9694,0.356056048,0.381790969
376,CAT-2-3,41.5,673.39,117058.6116,3378.181,53,749976.0486,4473.2,76,1424034.522,2056951.959,2.056951959,749976.0486,674058.4736,0.749976049,0.674058474
466,CAT-2-4,18.1,92.593,7020.132991,575.703,30,72344.97262,1119.3,55,257868.2082,323193.0478,0.323193048,72344.97262,185523.2356,0.072344973,0.185523236
274,CAT-2-5,33,454.857,62874.91802,1817.871,39,296972.5293,2978,69,860720.9889,1094818.6,1.0948186,296972.5293,563748.4596,0.296972529,0.56374846
170,CAT-2-6,31.2,168.839,22065.61186,1134.003,39,185253.9257,1738.9,54,393329.9135,556518.2273,0.556518227,185253.9257,208075.9878,0.185253926,0.208075988
47,CAT-2-7,20.8,134.469,11715.85854,669.758,27,75747.84525,604,27,68310.79066,132342.7774,0.132342777,75747.84525,-7437.05459,0.075747845,-0.007437055
419,CAT-2-8,42,1067.721,187843.2892,3265.528,50,683930.585,1740.8,53,386467.8374,882555.1332,0.882555133,683930.585,-297462.7476,0.683930585,-0.297462748
311,CAT-2-9,41.5,989.522,172013.3525,2590.922,46.5,504656.5343,2150.1,66,594416.9761,927060.1579,0.927060158,504656.5343,89760.44176,0.504656534,0.089760442
399,CAV-1-1,14.5,89.541,5438.492724,256.17,19,20387.80535,na,dead,#VALUE!,#VALUE!,#VALUE!,20387.80535,#VALUE!,0.020387805,#VALUE!
48,CAV-1-10,10.5,68.215,3000.2524,579.466,19.5,47331.59934,548.5,20,45951.02855,90282.37549,0.090282375,47331.59934,-1380.570797,0.047331599,-0.001380571
426,CAV-1-2,14,83.461,4894.40867,484.281,21,42599.58169,124,22,11427.01968,49132.1927,0.049132193,42599.58169,-31172.56201,0.042599582,-0.031172562
310,CAV-1-3,16,232.411,15576.33472,782.832,24,78698.85633,732.6,24,73648.9849,136771.5065,0.136771506,78698.85633,-5049.87143,0.078698856,-0.005049871
130,CAV-1-4,8,50.094,1678.666052,235.193,16,15762.78615,313.9,18,23667.50242,37751.62252,0.037751623,15762.78615,7904.716261,0.015762786,0.007904716
148,CAV-1-5,dead,1.543,#VALUE!,0,dead,#VALUE!,na,dead,#VALUE!,#VALUE!,#VALUE!,#VALUE!,#VALUE!,#VALUE!,#VALUE!
217,CAV-1-6,7.5,20.514,644.466317,217.603,18.5,16862.62633,321.6,17,22900.95381,39119.11382,0.039119114,16862.62633,6038.327481,0.016862626,0.006038327
401,CAV-1-7,11.2,69.828,3275.942235,345.189,18.5,26749.59959,436.4,25,45699.70113,69173.35849,0.069173358,26749.59959,18950.10155,0.0267496,0.018950102
5,CAV-1-8,dead,8.224,#VALUE!,0,dead,#VALUE!,na,dead,#VALUE!,#VALUE!,#VALUE!,#VALUE!,#VALUE!,#VALUE!,#VALUE!
128,CAV-1-9,14.6,102.341,6258.800684,404.816,30,50870.67887,348.2,21,30629.27174,75241.14992,0.07524115,50870.67887,-20241.40713,0.050870679,-0.020241407
108,CAV-2-1,27.8,270.136,31456.89626,1113.692,34,158610.7528,1036.4,42,182333.0111,309486.8676,0.309486868,158610.7528,23722.25828,0.158610753,0.023722258
121,CAV-2-10,22.8,659.92,63025.27465,2234.306,34,318207.329,3003.2,53,666728.0614,921910.1157,0.921910116,318207.329,348520.7324,0.318207329,0.348520732
420,CAV-2-2,26,471.885,51392.30891,1896.288,35.5,281981.9173,670.7,39,109567.442,340157.0504,0.34015705,281981.9173,-172414.4753,0.281981917,-0.172414475
167,CAV-2-3,dead,21.975,#VALUE!,0,dead,#VALUE!,na,dead,#VALUE!,#VALUE!,#VALUE!,#VALUE!,#VALUE!,#VALUE!,#VALUE!
267,CAV-2-4,27.7,428.482,49716.54737,1845.715,36,278327.2649,2326.7,43,419080.5013,647691.2188,0.647691219,278327.2649,140753.2364,0.278327265,0.140753236
68,CAV-2-5,32.1,80.969,10887.10515,191.455,23.5,18846.17347,235.3,37,36468.0264,44427.09473,0.044427095,18846.17347,17621.85293,0.018846173,0.017621853
458,CAV-2-6,18.9,90.427,7158.936932,362.714,18,27347.99131,391.4,23,37708.32718,57897.38156,0.057897382,27347.99131,10360.33588,0.027347991,0.010360336
265,CAV-2-7,38,539.516,85876.93477,1732.491,36.5,264882.0086,1068.3,39,174520.4985,353525.5723,0.353525572,264882.0086,-90361.51011,0.264882009,-0.09036151
7,CAV-2-8,dead,28.518,#VALUE!,0,dead,#VALUE!,na,dead,#VALUE!,#VALUE!,#VALUE!,#VALUE!,#VALUE!,#VALUE!,#VALUE!
176,CAV-2-9,27.2,472.649,53851.30804,2004.945,32.5,272944.5543,2119.3,38,337337.5171,556430.7633,0.556430763,272944.5543,64392.96282,0.272944554,0.064392963
24,CAV-3-1,dead,75.739,#VALUE!,0,dead,#VALUE!,na,dead,#VALUE!,#VALUE!,#VALUE!,#VALUE!,#VALUE!,#VALUE!,#VALUE!
393,CAV-3-2,42.4,573.092,101783.8354,115.303,36,17387.28277,119.8,52,26094.48746,-58302.06519,-0.058302065,17387.28277,8707.204688,0.017387283,0.008707205
448,CAV-3-3,dead,2.976,#VALUE!,0,dead,#VALUE!,na,dead,#VALUE!,#VALUE!,#VALUE!,#VALUE!,#VALUE!,#VALUE!,#VALUE!
463,CAV-3-4,27.5,269.115,30999.82259,828.565,32,111061.9186,1261.2,62,327539.9368,407602.0328,0.407602033,111061.9186,216478.0182,0.111061919,0.216478018
240,CAV-3-5,37.5,996.209,156484.1438,965.929,21,84967.55261,1130.3,40,189383.5827,117866.9916,0.117866992,84967.55261,104416.0301,0.084967553,0.10441603
126,CAV-3-6,39.7,1088.623,181032.5304,1563.97,29,189983.1243,2472.8,50,517902.0209,526852.6148,0.526852615,189983.1243,327918.8966,0.189983124,0.327918897
316,CAV-3-7,40,1088.235,182335.5243,653.624,25.5,69816.29212,428.4,36,64601.19805,-47918.03416,-0.047918034,69816.29212,-5215.09407,0.069816292,-0.005215094
293,CAV-4-1,40.3,872.71,147320.6437,2385.878,47,469715.2926,3154.8,65,858961.697,1181356.346,1.181356346,469715.2926,389246.4044,0.469715293,0.389246404
443,CAV-4-2,dead,44.575,#VALUE!,0,dead,#VALUE!,na,dead,#VALUE!,#VALUE!,#VALUE!,#VALUE!,#VALUE!,#VALUE!,#VALUE!
9,CAV-4-3,40,404.286,67738.76947,1744.032,44,321436.903,1397.4,50,292670.7716,546368.9051,0.546368905,321436.903,-28766.13136,0.321436903,-0.028766131
132,CAV-4-4,31.6,402.235,53242.14569,400.406,33.5,56186.76048,501.4,43,90311.15457,93255.76937,0.093255769,56186.76048,34124.39409,0.05618676,0.034124394
21,CAV-4-5,dead,75.25,#VALUE!,0,dead,#VALUE!,na,dead,#VALUE!,#VALUE!,#VALUE!,#VALUE!,#VALUE!,#VALUE!,#VALUE!
43,CAW-3-1,9.2,114.124,4397.981739,927.569,26,101020.1905,693.6,33,95876.38124,192498.59,0.19249859,101020.1905,-5143.809239,0.10102019,-0.005143809
431,CAW-3-10,21,67.744,5959.073476,233.337,26,25412.39324,212.7,29,25837.71462,45291.03438,0.045291034,25412.39324,425.3213798,0.025412393,0.000425321
410,CAW-3-3,14.2,188.971,11240.15021,1109.481,26,120831.9618,975.3,32,130730.4668,240322.2783,0.240322278,120831.9618,9898.505,0.120831962,0.009898505
452,CAW-3-4,dead,12.041,#VALUE!,0,dead,#VALUE!,na,dead,#VALUE!,#VALUE!,#VALUE!,#VALUE!,#VALUE!,#VALUE!,#VALUE!
177,CAW-3-5,24,436.814,43913.33291,2015.115,32,270108.6072,2267.9,38,360990.7776,587186.0519,0.587186052,270108.6072,90882.17045,0.270108607,0.09088217
139,CAW-3-6,dead,51.311,#VALUE!,0,dead,#VALUE!,na,dead,#VALUE!,#VALUE!,#VALUE!,#VALUE!,#VALUE!,#VALUE!,#VALUE!
464,CAW-3-7,dead,305.839,#VALUE!,0,26.5,0,na,dead,#VALUE!,#VALUE!,#VALUE!,0,#VALUE!,0,#VALUE!
358,CAW-3-8,26.5,624.173,69285.03834,2357.999,35,345700.709,3197.5,50,669682.834,946098.5046,0.946098505,345700.709,323982.125,0.345700709,0.323982125
14,CAW-3-9,dead,9.759,#VALUE!,0,dead,#VALUE!,na,dead,#VALUE!,#VALUE!,#VALUE!,#VALUE!,#VALUE!,#VALUE!,#VALUE!
226,COT-1-1,42.2,755.018,133462.2265,2085.555,49,428061.6654,4304.4,76,1370297.37,1664896.809,1.664896809,428061.6654,942235.7049,0.428061665,0.942235705
200,COT-1-10,34.6,220.204,31914.6372,1225.333,45,230969.8291,1808.4,63,477225.517,676280.7089,0.676280709,230969.8291,246255.6879,0.230969829,0.246255688
407,COT-1-2,28.4,365.446,43474.05616,1459.105,37,226139.7351,2647.4,67,742990.0136,925655.6925,0.925655693,226139.7351,516850.2785,0.226139735,0.516850279
411,COT-1-3,39.8,676.506,112782.9199,2589.626,39.5,428472.3009,3238,68,922304.5825,1237993.963,1.237993963,428472.3009,493832.2815,0.428472301,0.493832282
396,COT-1-4,dead,18.7,#VALUE!,0,dead,#VALUE!,na,dead,#VALUE!,#VALUE!,#VALUE!,#VALUE!,#VALUE!,#VALUE!,#VALUE!
124,COT-1-5,40.2,849.443,143037.1684,3953.991,53,877809.2548,4229.1,86,1523473.888,2258245.975,2.258245975,877809.2548,645664.6335,0.877809255,0.645664633
382,COT-1-6,43.5,547.765,99809.56099,2115.504,52,460792.9265,2966.9,66,820229.6295,1181212.995,1.181212995,460792.9265,359436.7029,0.460792927,0.359436703
289,COT-1-7,33.5,266.945,37458.91614,1083.593,41.5,188366.1654,1914.9,68,545435.7767,696343.0259,0.696343026,188366.1654,357069.6113,0.188366165,0.357069611
246,COT-1-8,46.3,956.317,185469.0624,2686.051,53,596319.1183,3783.9,80,1267997.06,1678847.116,1.678847116,596319.1183,671677.9422,0.596319118,0.671677942
297,COT-1-9,46.3,1035.065,200741.5272,3096.329,57.5,745767.6737,5089.4,74,1577563.736,2122589.883,2.122589883,745767.6737,831796.0626,0.745767674,0.831796063
140,COW-1-1,24.6,199.561,20563.61139,1235.192,36,186262.5654,1363.1,50,285486.9964,451185.9504,0.45118595,186262.5654,99224.43098,0.186262565,0.099224431
232,COW-1-10,31.2,293.579,38367.91419,1254.475,40.5,212816.67,1349.1,50,282554.8433,457003.5991,0.457003599,212816.67,69738.17328,0.21281667,0.069738173
252,COW-1-2,35.3,199.6,29513.71313,1226.011,40.5,207987.8661,984.4,53,218542.5891,397016.7421,0.397016742,207987.8661,10554.72297,0.207987866,0.010554723
435,COW-1-3,27,222.334,25145.383,1087.253,32,145736.7909,728.6,42,128182.0068,248773.4147,0.248773415,145736.7909,-17554.78411,0.145736791,-0.017554784
136,COW-1-4,18.6,113.602,8850.901974,634.715,27,71784.57532,759.7,35,111377.8372,174311.5105,0.17431151,71784.57532,39593.26183,0.071784575,0.039593262
1,COW-1-5,30.2,20.243,2560.769139,135.196,30,16989.23042,46,28,5395.161784,19823.62306,0.019823623,16989.23042,-11594.06863,0.01698923,-0.011594069
327,COW-1-6,31.7,153.318,20358.27689,692.144,37,107272.1023,1331.4,54,301155.585,388069.4104,0.38806941,107272.1023,193883.4828,0.107272102,0.193883483
442,COW-1-7,30,59.171,7435.647156,394.439,40,66088.88878,695.9,49,142833.9761,201487.2177,0.201487218,66088.88878,76745.08729,0.066088889,0.076745087
138,COW-1-8,29.2,180.104,22029.00183,1291.84,32,173159.8956,1066,45,200936.2661,352067.1599,0.35206716,173159.8956,27776.3705,0.173159896,0.027776371
318,COW-1-9,35,180.838,26512.23551,808.82,47.5,160928.9214,633.1,40,106076.9231,240493.6091,0.240493609,160928.9214,-54851.99829,0.160928921,-0.054851998
249,COW-2-1,22,95.702,8819.263204,629.105,30,79055.66585,650.5,37,100817.897,171054.2997,0.1710543,79055.66585,21762.23119,0.079055666,0.021762231
163,COW-2-10,35.3,461.278,68206.54591,1735.452,43,312586.1066,2016.2,50,422271.9405,666651.5012,0.666651501,312586.1066,109685.834,0.312586107,0.109685834
131,COW-2-2,23.5,156.159,15371.75631,1229.574,38.5,198291.4598,1061.8,41,182353.955,365273.6585,0.365273659,198291.4598,-15937.50478,0.19829146,-0.015937505
72,COW-2-3,25.1,144.752,15219.02757,1060.032,29,128767.2981,819.2,41,140689.7344,254238.0049,0.254238005,128767.2981,11922.43627,0.128767298,0.011922436
261,COW-2-4,22.5,92.602,8727.532887,468.652,30,58892.54721,490.8,36,74010.89637,124175.9107,0.124175911,58892.54721,15118.34916,0.058892547,0.015118349
433,COW-2-5,dead,1.099,#VALUE!,0,dead,#VALUE!,na,dead,#VALUE!,#VALUE!,#VALUE!,#VALUE!,#VALUE!,#VALUE!,#VALUE!
224,COW-2-6,32.5,71.885,9786.113476,325.71,36,49115.91087,546.5,42,96145.30157,135475.099,0.135475099,49115.91087,47029.3907,0.049115911,0.047029391
379,COW-2-7,39.1,340.4,55751.28966,1323.251,39.5,218941.4227,1199.9,42,211097.4334,374287.5664,0.374287566,218941.4227,-7843.989275,0.218941423,-0.007843989
119,COW-2-9,21.8,187.603,17131.08547,880.504,26.5,97738.53306,988,34,140709.8406,221317.2881,0.221317288,97738.53306,42971.3075,0.097738533,0.042971308
154,IDT-1-1,16,56.116,3760.930418,651.47,24.5,66857.34329,1248.2,45,235280.157,298376.5699,0.29837657,66857.34329,168422.8137,0.066857343,0.168422814
218,IDT-1-10,46,890.51,171587.34,3210.824,57.5,773344.4169,4668,84,1642474.905,2244231.982,2.244231982,773344.4169,869130.4879,0.773344417,0.869130488
269,IDT-1-2,40.5,567.931,96347.2243,2671.184,50.5,565045.9834,4704.4,80,1576459.571,2045158.33,2.04515833,565045.9834,1011413.588,0.565045983,1.011413588
328,IDT-1-3,33.5,546.33,76663.46871,2414.075,40,404482.1485,2241.7,63,591570.6931,919389.373,0.919389373,404482.1485,187088.5446,0.404482149,0.187088545
429,IDT-1-4,39.4,816.876,134815.8542,3221.207,52,701633.9371,3101.5,76,987356.4943,1554174.577,1.554174577,701633.9371,285722.5572,0.701633937,0.285722557
383,IDT-1-5,34.5,501.745,72508.80667,2316.611,41.5,402707.5948,3634.9,65,989679.1785,1319877.967,1.319877967,402707.5948,586971.5837,0.402707595,0.586971584
322,IDT-1-6,37,408.408,63297.21091,2030.063,44,374154.3524,3169.5,70,929345.9388,1240203.08,1.24020308,374154.3524,555191.5864,0.374154352,0.555191586
65,IDT-1-7,32,238.426,31958.92779,1667.728,44,307373.5593,623.9,51,133282.6966,408697.3281,0.408697328,307373.5593,-174090.8626,0.307373559,-0.174090863
178,IDT-1-8,40.1,682.026,114560.2395,2635.028,52.5,579472.9225,3398.8,75,1067764.511,1532677.194,1.532677194,579472.9225,488291.5886,0.579472922,0.488291589
447,IDT-1-9,21,112.052,9856.608721,765.969,31,99462.98678,1587.7,52,345828.1948,435434.5729,0.435434573,99462.98678,246365.208,0.099462987,0.246365208
324,IDT-2-1,51,714.943,152732.058,2447.143,56,574031.8432,3360.7,79,1112104.112,1533403.897,1.533403897,574031.8432,538072.2689,0.574031843,0.538072269
109,IDT-2-10,32,479.886,64324.53684,22.802,39,3724.998976,3002.1,61,767085.1915,706485.6536,0.706485654,3724.998976,763360.1925,0.003724999,0.763360193
375,IDT-2-2,40.7,823.596,140409.7439,2844.201,42,500377.9741,2733,60,686877.8178,1046846.048,1.046846048,500377.9741,186499.8436,0.500377974,0.186499844
75,IDT-2-3,34.5,288.719,41723.72451,2024.917,41,347760.0523,2245.8,63,592652.6576,898688.9854,0.898688985,347760.0523,244892.6053,0.347760052,0.244892605
273,IDT-2-4,40.8,815.781,139419.1269,3145.678,50,658829.2597,3428.9,66,947954.2204,1467364.353,1.467364353,658829.2597,289124.9607,0.65882926,0.289124961
432,IDT-2-5,34,343.76,48957.90971,1533.713,44,282673.6876,2637.2,65,718034.0393,951749.8172,0.951749817,282673.6876,435360.3517,0.282673688,0.435360352
449,IDT-2-6,29,313.988,38141.66591,1387.428,37.5,217936.6806,1592.2,60,400163.5058,579958.5205,0.579958521,217936.6806,182226.8252,0.217936681,0.182226825
446,IDT-2-7,31.2,322.113,42097.02991,2247.95,35,329566.6829,3795.6,69,1097029.075,1384498.728,1.384498728,329566.6829,767462.3921,0.329566683,0.767462392
73,IDT-2-8,35.2,835.038,123122.5246,3135.401,44,577875.6279,3011.1,74,933352.0977,1388105.201,1.388105201,577875.6279,355476.4699,0.577875628,0.35547647
292,IDT-2-9,33.2,392.596,54597.47567,1437.002,41.5,249800.9459,1768.2,63,466616.9869,661820.4572,0.661820457,249800.9459,216816.041,0.249800946,0.216816041
415,IDT-3-1,38.2,553.765,88608.92658,2648.448,46,510314.4799,2501.2,67,701959.138,1123664.691,1.123664691,510314.4799,191644.6582,0.51031448,0.191644658
149,IDT-3-10,26.5,213.369,23684.5864,1210.307,38.5,195184.3011,1466.8,61,374791.1658,546290.8805,0.546290881,195184.3011,179606.8647,0.195184301,0.179606865
363,IDT-3-2,35.5,625.171,92964.21072,2943.943,48,591914.8609,4085.9,70,1198048.453,1696999.103,1.696999103,591914.8609,606133.592,0.591914861,0.606133592
230,IDT-3-3,36,650.09,98031.26247,3009.144,47,592419.6269,2496.5,60,627438.8848,1121827.249,1.121827249,592419.6269,35019.25791,0.592419627,0.035019258
345,IDT-3-4,47,697.238,137267.4341,2485.738,53,551848.4543,2307.4,73,705560.6599,1120141.68,1.12014168,551848.4543,153712.2056,0.551848454,0.153712206
199,IDT-3-5,22,110.91,10220.73188,798.299,31,103661.118,1068.5,45,201407.505,294847.8911,0.294847891,103661.118,97746.38704,0.103661118,0.097746387
106,IDT-3-6,40,1159.545,194283.6295,3474.201,46,669424.1594,4930.4,63,1301101.907,1776242.437,1.776242437,669424.1594,631677.7478,0.669424159,0.631677748
82,IDT-3-7,29,112.758,13697.26857,1351.743,43,243473.217,1345.4,53,298686.7121,528462.6606,0.528462661,243473.217,55213.49508,0.243473217,0.055213495
457,IDT-3-8,23,253.3,24403.47285,1194.433,34.5,172611.4091,847,45,159655.7387,307863.6749,0.307863675,172611.4091,-12955.67049,0.172611409,-0.01295567
441,IDT-3-9,27,91.624,10362.43027,712.164,36.5,108883.3539,1283.6,55,295720.2109,394241.1345,0.394241135,108883.3539,186836.8569,0.108883354,0.186836857
336,IDV-2-1,dead,134.206,#VALUE!,0,dead,#VALUE!,na,dead,#VALUE!,#VALUE!,#VALUE!,#VALUE!,#VALUE!,#VALUE!,#VALUE!
250,IDV-2-2,29.5,679.552,83971.77246,3645.648,37,565021.6214,na,45,#VALUE!,#VALUE!,#VALUE!,565021.6214,#VALUE!,0.565021621,#VALUE!
36,IDV-2-3,31.4,530.285,69747.33207,1669.675,36,251781.0583,1810.5,41,310935.9913,492969.7175,0.492969717,251781.0583,59154.93303,0.251781058,0.059154933
19,IDV-2-4,dead,16.847,#VALUE!,0,dead,#VALUE!,na,dead,#VALUE!,#VALUE!,#VALUE!,#VALUE!,#VALUE!,#VALUE!,#VALUE!
120,IDV-2-7,29,823.361,100017.7083,2343.635,32.5,319052.3483,2282.2,47,449303.8793,668338.5193,0.668338519,319052.3483,130251.531,0.319052348,0.130251531
377,IDV-2-8,37.8,696.383,110262.6865,1783.741,38,283925.2395,2824.4,56,662525.867,836188.42,0.83618842,283925.2395,378600.6276,0.283925239,0.378600628
254,IDV-2-9,dead,183.184,#VALUE!,0,dead,#VALUE!,na,dead,#VALUE!,#VALUE!,#VALUE!,#VALUE!,#VALUE!,#VALUE!,#VALUE!
346,IDV-3-1,17.3,201.234,14582.63724,783.124,29,95129.92207,1377.7,34,196210.473,276757.7578,0.276757758,95129.92207,101080.5509,0.095129922,0.101080551
459,IDV-3-4,26.3,170.712,18806.51862,709.069,32.5,96529.59166,643.1,32,86201.95138,163925.0244,0.163925024,96529.59166,-10327.64027,0.096529592,-0.01032764
320,IDV-3-5,31.5,737.28,97281.80413,2723.603,38.5,439231.1604,1817,40,304441.2721,646390.6283,0.646390628,439231.1604,-134789.8883,0.43923116,-0.134789888
111,IDV-3-7,16.5,28.812,1991.342486,250.212,23,24105.96822,231.3,24,23252.81218,45367.43792,0.045367438,24105.96822,-853.1560338,0.024105968,-0.000853156
209,IDV-3-8,28,391.675,45938.0433,2933.181,37,454599.7541,3235.4,55,745382.6506,1154044.361,1.154044361,454599.7541,290782.8964,0.454599754,0.290782896
402,IDV-4-6,27.4,175.023,20087.88881,1293.384,30,162531.4269,459.8,36,69336.2065,211779.7446,0.211779745,162531.4269,-93195.22041,0.162531427,-0.09319522
243,IDV-4-7,38.4,713.285,114731.5669,3116.349,39,509095.5545,86.2,43,15526.16977,409890.1573,0.409890157,509095.5545,-493569.3847,0.509095554,-0.493569385
185,IDV-5-1,29.4,875.64,107835.4443,2701.156,36.5,412982.0165,2200.8,50,460934.4741,766081.0463,0.766081046,412982.0165,47952.45764,0.412982016,0.047952458
266,IDV-5-10,19.5,138.498,11312.71178,684.836,28.5,81756.07837,824.5,32,110517.0408,180960.4073,0.180960407,81756.07837,28760.9624,0.081756078,0.028760962
339,IDV-5-2,29.2,402.431,49222.4117,994.607,36.5,152066.3022,1700.6,48,341925.9179,444769.8083,0.444769808,152066.3022,189859.6157,0.152066302,0.189859616
32,IDV-5-3,20,77.743,6512.982338,30.308,dead,#VALUE!,46.9,24,4714.902255,#VALUE!,#VALUE!,#VALUE!,#VALUE!,#VALUE!,#VALUE!
175,IDV-5-4,dead,52.116,#VALUE!,0,dead,#VALUE!,na,dead,#VALUE!,#VALUE!,#VALUE!,#VALUE!,#VALUE!,#VALUE!,#VALUE!
385,IDV-5-5,30.5,225.143,28763.84219,792.669,35,116211.345,1161.7,43,209243.056,296690.5588,0.296690559,116211.345,93031.71098,0.116211345,0.093031711
67,IDV-5-6,30.8,322.424,41597.44798,1803.445,33.5,253067.4672,2172.1,53,482218.9738,693688.993,0.693688993,253067.4672,229151.5066,0.253067467,0.229151507
456,IDV-5-7,31.5,928.746,122545.1476,2599.639,36.5,397460.9968,3562.8,53,790962.5523,1065878.401,1.065878401,397460.9968,393501.5555,0.397460997,0.393501555
102,IDV-5-8,26.5,358.09,39749.04294,1316.223,32,176428.2243,1736.4,49,356397.3503,493076.5316,0.493076532,176428.2243,179969.126,0.176428224,0.179969126
193,IDV-5-9,25.7,350.793,37763.53586,1339.594,31,173949.625,1625.4,38,258721.4648,394907.5539,0.394907554,173949.625,84771.83976,0.173949625,0.08477184
355,IDW-1-1,27.8,199.866,23274.06946,1034.581,37.5,162511.6035,979.8,47,192896.3022,332133.8362,0.332133836,162511.6035,30384.69875,0.162511603,0.030384699
144,IDW-1-10,23.1,127.244,12312.26352,831.485,32,111453.3191,1120.7,46,215941.3504,315082.406,0.315082406,111453.3191,104488.0312,0.111453319,0.104488031
387,IDW-1-2,17,37.586,2676.477767,356.673,22,32868.62411,658.1,30,82699.28501,112891.4314,0.112891431,32868.62411,49830.6609,0.032868624,0.049830661
71,IDW-1-3,25.5,393.748,42057.85802,1690.737,30.5,216005.3488,1594.6,47,313933.9084,487881.3993,0.487881399,216005.3488,97928.55962,0.216005349,0.09792856
347,IDW-1-4,36.8,453.702,69937.01976,1858.959,46,358192.3055,2423.8,59,599014.5922,887269.878,0.887269878,358192.3055,240822.2867,0.358192306,0.240822287
262,IDW-1-5,29,417.672,50736.67109,1807.308,40,302817.3619,2323.9,55,535388.1256,787468.8164,0.787468816,302817.3619,232570.7637,0.302817362,0.232570764
392,IDW-1-6,21.5,62.789,5654.713886,537.013,32,71981.91342,845.8,48,170058.1803,236385.3798,0.23638538,71981.91342,98076.26683,0.071981913,0.098076267
63,IDW-1-7,24.5,222.241,22807.56264,1595.502,28,187130.2482,1497.7,44,276036.2479,440358.9335,0.440358933,187130.2482,88905.99977,0.187130248,0.088906
101,IDW-1-8,31.5,390.52,51527.90005,1376.317,36,207543.7141,1334.3,34,190029.4942,346045.3082,0.346045308,207543.7141,-17514.21987,0.207543714,-0.01751422
357,IDW-2-2,21.8,223.033,20366.39812,1167.416,26,127141.5783,1380.7,39,225555.0428,332330.223,0.332330223,127141.5783,98413.46445,0.127141578,0.098413464
60,IDW-2-3,30,69.284,8706.484216,540.142,33,74663.87012,578,45,108950.4332,174907.8191,0.174907819,74663.87012,34286.56311,0.07466387,0.034286563
313,IDW-2-6,24.5,104.2,10693.56251,1075.26,38,171153.4651,217.9,25,22818.43464,183278.3372,0.183278337,171153.4651,-148335.0305,0.171153465,-0.14833503
427,IDW-3-1,31.1,138.214,18005.32788,748.734,36.5,114474.572,1127.4,52,245566.988,342036.2322,0.342036232,114474.572,131092.4159,0.114474572,0.131092416
233,IDW-3-10,45,437.5,82466.80716,1748.086,50,366118.2757,1562.4,59,386129.3831,669780.8517,0.669780852,366118.2757,20011.10745,0.366118276,0.020011107
235,IDW-3-2,28.5,311.845,37228.21852,1900.368,34,270648.2574,2290.2,55,527624.203,761044.2418,0.761044242,270648.2574,256975.9456,0.270648257,0.256975946
160,IDW-3-3,32.5,382.202,52031.3298,1125.511,32,150864.9425,554,51,118350.0784,217183.6911,0.217183691,150864.9425,-32514.86402,0.150864942,-0.032514864
372,IDW-3-4,47.7,689.746,137814.9015,1561.101,51,333495.3535,2311.9,63,610096.0367,805776.4887,0.805776489,333495.3535,276600.6832,0.333495353,0.276600683
231,IDW-3-5,29.6,198.85,24655.05159,1027.952,39,167929.1355,1272,47,250422.6336,393696.7175,0.393696717,167929.1355,82493.49813,0.167929135,0.082493498
70,IDW-3-6,37.1,305.923,47541.69356,817.376,39,133528.8467,1085.3,45,204574.2304,290561.3836,0.290561384,133528.8467,71045.3837,0.133528847,0.071045384
395,IDW-3-7,11.4,70.368,3360.227396,202.47,16.5,13993.72182,492.4,30,61876.80891,72510.30333,0.072510303,13993.72182,47883.08708,0.013993722,0.047883087
93,IDW-3-8,30.5,322.799,41240.18732,1537.246,41,264007.2405,1724,50,361073.7157,583840.7688,0.583840769,264007.2405,97066.47518,0.26400724,0.097066475
146,IDW-3-9,7,4.35,127.5486617,0,dead,#VALUE!,na,dead,#VALUE!,#VALUE!,#VALUE!,#VALUE!,#VALUE!,#VALUE!,#VALUE!
81,MTT-1-2,28.1,114.989,13534.78079,657.031,31,85317.11553,457,28,53599.75946,125382.0942,0.125382094,85317.11553,-31717.35607,0.085317116,-0.031717356
37,MTT-1-4,29,121.03,14702.10908,1340.222,40,224556.3514,1715.9,60,431252.7067,641106.9491,0.641106949,224556.3514,206696.3553,0.224556351,0.206696355
286,MTT-1-5,22.8,178.17,17016.02192,1166.932,37,180857.2333,1967.7,60,494536.9492,658378.1605,0.65837816,180857.2333,313679.7159,0.180857233,0.313679716
172,MTT-1-6,25.6,142.036,15230.95054,901.634,37,139739.9597,1134.8,55,261439.1518,385948.161,0.385948161,139739.9597,121699.1921,0.13973996,0.121699192
4,MTT-1-7,30.1,215.462,27166.00596,1426.769,37.5,224116.3504,2386.3,65,649721.1543,846671.4987,0.846671499,224116.3504,425604.8038,0.22411635,0.425604804
352,MTT-1-8,47.9,709.85,142426.4696,2307.501,53,512278.7921,3745.3,84,1317815.18,1687667.503,1.687667503,512278.7921,805536.3881,0.512278792,0.805536388
34,MTV-1-1,dead,dead,#VALUE!,0,dead,#VALUE!,na,dead,#VALUE!,#VALUE!,#VALUE!,#VALUE!,#VALUE!,#VALUE!,#VALUE!
374,MTV-1-10,21,204.873,18021.57033,1261.13,26,137347.8338,1460.5,39,238591.3957,357917.6591,0.357917659,137347.8338,101243.5619,0.137347834,0.101243562
196,MTV-1-2,dead,2.476,#VALUE!,0,dead,#VALUE!,na,dead,#VALUE!,#VALUE!,#VALUE!,#VALUE!,#VALUE!,#VALUE!,#VALUE!
326,MTV-1-9,21.8,277.424,25333.14636,1062.79,31,138005.9346,1501.1,37,232648.3401,345321.1284,0.345321128,138005.9346,94642.40553,0.138005935,0.094642406
210,MTW-1-1,dead,27.398,#VALUE!,0,dead,#VALUE!,na,dead,#VALUE!,#VALUE!,#VALUE!,#VALUE!,#VALUE!,#VALUE!,#VALUE!
366,MTW-1-2,31,163.712,21258.41188,1258.175,35,184458.0891,1025.3,38,163201.1307,326400.8079,0.326400808,184458.0891,-21256.95837,0.184458089,-0.021256958
171,MTW-1-3,19.6,57.797,4745.150346,413.679,26,45053.17812,130.6,34,18599.90403,58907.9318,0.058907932,45053.17812,-26453.2741,0.045053178,-0.026453274
351,MTW-1-4,19,107.768,8576.933313,827.98,27,93642.33187,198.8,36,29978.33374,115043.7323,0.115043732,93642.33187,-63663.99813,0.093642332,-0.063663998
406,MTW-1-5,24.2,96.024,9733.830253,534.697,25,55993.3389,462.1,37,71618.67828,117878.1869,0.117878187,55993.3389,15625.33938,0.055993339,0.015625339
155,MTW-1-6,25.7,78.427,8442.816209,660.758,31,85801.07578,780.1,40,130707.0096,208065.2691,0.208065269,85801.07578,44905.93377,0.085801076,0.044905934
17,MTW-1-7,17.8,40.911,3050.34321,190.454,21,16753.20884,238.1,24,23936.42275,37639.28838,0.037639288,16753.20884,7183.213903,0.016753209,0.007183214
368,MTW-2-1,21.3,119.516,10663.36469,557.829,27,63088.97358,754.3,35,110586.1558,163011.7647,0.163011765,63088.97358,47497.18222,0.063088974,0.047497182
462,MTW-2-2,13.5,28.229,1596.312342,273.535,21.5,24634.28567,227.1,27,25684.4049,48722.37822,0.048722378,24634.28567,1050.119232,0.024634286,0.001050119
165,MTW-2-3,11.7,26.244,1286.188139,578.448,23,55728.93828,846.6,33,117025.583,171468.3331,0.171468333,55728.93828,61296.64471,0.055728938,0.061296645
404,MTW-2-4,26.2,390.167,42819.38595,1447.587,28.5,172813.69,581.7,41,99901.38975,229895.6938,0.229895694,172813.69,-72912.30027,0.17281369,-0.0729123
44,MTW-2-5,34.1,216.278,30892.66203,2198.211,35.5,326878.487,2416.4,47,475724.2546,771710.0796,0.77171008,326878.487,148845.7676,0.326878487,0.148845768
223,MTW-2-6,10.5,8.635,379.7871359,194.393,24,19542.51586,204.2,24,20528.42304,39691.15176,0.039691152,19542.51586,985.9071729,0.019542516,0.000985907
445,MTW-2-7,25,110.073,11526.81761,525.499,29,63834.94685,580.3,38,92368.68832,144676.8176,0.144676818,63834.94685,28533.74147,0.063834947,0.028533741
51,MTW-2-8,29.2,418.754,51218.92148,1380.548,33,190833.256,1463,46,281897.2032,421511.5377,0.421511538,190833.256,91063.94719,0.190833256,0.091063947
50,MTW-2-9,28,162.364,19043.04452,1026.102,30,128943.7802,949.4,39,155096.6594,264997.3951,0.264997395,128943.7802,26152.8792,0.12894378,0.026152879
288,MTW-3-1,23.4,158.719,15557.26986,945.834,26,103009.4051,1365.3,41,234477.1659,321929.3011,0.321929301,103009.4051,131467.7609,0.103009405,0.131467761
96,MTW-3-10,26,162.349,17681.19342,757.684,30,95213.37953,747.7,31,97090.71152,174622.8976,0.174622898,95213.37953,1877.331994,0.09521338,0.001877332
451,MTW-3-2,dead,4.018,#VALUE!,0,dead,#VALUE!,na,dead,#VALUE!,#VALUE!,#VALUE!,#VALUE!,#VALUE!,#VALUE!,#VALUE!
35,MTW-3-3,20.5,134.059,11511.67303,863.566,27,97667.01365,91.7,31,11907.47392,98062.81453,0.098062815,97667.01365,-85759.53974,0.097667014,-0.08575954
166,MTW-3-4,9.8,30.918,1269.188352,311.929,17,22212.28738,372.1,32,49876.76273,70819.86175,0.070819862,22212.28738,27664.47535,0.022212287,0.027664475
69,MTW-3-5,11.6,42.574,2068.669228,564.937,23,54427.25915,547.2,37,84807.922,137166.5119,0.137166512,54427.25915,30380.66285,0.054427259,0.030380663
330,MTW-3-6,23.5,273.314,26904.09264,993.438,29,120677.7975,1780.7,47,350571.9997,444345.7046,0.444345705,120677.7975,229894.2022,0.120677798,0.229894202
417,MTW-3-7,12.2,17.591,898.9571036,280.375,19,22314.20902,351.6,32,47128.91635,68544.16827,0.068544168,22314.20902,24814.70733,0.022314209,0.024814707
305,MTW-3-7-R,9,23.139,872.3197489,198.331,21.5,17861.48943,261.2,30,32823.36004,49812.52972,0.04981253,17861.48943,14961.87062,0.017861489,0.014961871
425,MTW-3-8,23.6,173.009,17102.88235,586.619,30,73716.71763,605.2,39,98867.17745,155481.0127,0.155481013,73716.71763,25150.45981,0.073716718,0.02515046
329,MTW-3-9,27,103.309,11683.97264,335.617,23.5,33036.98625,585.8,30,73613.79906,94966.81267,0.094966813,33036.98625,40576.81281,0.033036986,0.040576813
152,NMT-1-1,33.7,269.698,38071.17108,1224.336,39,200010.9791,2082.1,73,636668.0462,798607.8543,0.798607854,200010.9791,436657.0671,0.200010979,0.436657067
361,NMT-1-10,dead,399.881,#VALUE!,0,dead,#VALUE!,na,dead,#VALUE!,#VALUE!,#VALUE!,#VALUE!,#VALUE!,#VALUE!,#VALUE!
145,NMT-1-2,15.5,34.602,2246.578039,0,dead,#VALUE!,na,dead,#VALUE!,#VALUE!,#VALUE!,#VALUE!,#VALUE!,#VALUE!,#VALUE!
203,NMT-1-3,36.5,335.116,51236.16757,1043.064,46,200982.1082,1741.2,68,495959.4623,645705.403,0.645705403,200982.1082,294977.3541,0.200982108,0.294977354
444,NMT-1-4,dead,24.197,#VALUE!,0,dead,#VALUE!,na,dead,#VALUE!,#VALUE!,#VALUE!,#VALUE!,#VALUE!,#VALUE!,#VALUE!
46,NMT-1-5,33.1,138.64,19222.29123,932.619,37,144542.1773,1123,62,291648.7068,416968.5929,0.416968593,144542.1773,147106.5295,0.144542177,0.14710653
190,NMT-1-6,42.6,818.034,145972.0016,1728.152,48,347465.5762,2783.6,73,851173.8982,1052667.473,1.052667473,347465.5762,503708.3221,0.347465576,0.503708322
258,NMT-1-7,39.4,376.498,62136.6027,1189.057,42,209189.8332,1868,65,508602.9067,655656.1372,0.655656137,209189.8332,299413.0735,0.209189833,0.299413073
468,NMT-1-8,21.8,114.353,10442.21583,460.244,29,55908.10121,826,52,179916.9169,225382.8023,0.225382802,55908.10121,124008.8157,0.055908101,0.124008816
113,NMT-1-9,30.5,177.295,22650.87256,654.327,33,90447.67143,1614.9,64,432926.5473,500723.3462,0.500723346,90447.67143,342478.8759,0.090447671,0.342478876
95,NMT-2-1,36.5,365.583,55894.29286,818.809,40,137192.7648,1165.4,52,253844.0374,335142.5093,0.335142509,137192.7648,116651.2727,0.137192765,0.116651273
350,NMT-2-10,30,325.169,40861.94166,1175.716,40,196993.1066,1938,67,543897.6529,700028.8178,0.700028818,196993.1066,346904.5464,0.196993107,0.346904546
204,NMT-2-2,40.2,454.776,76579.44242,1271.693,44,234381.628,1770.9,63,467329.5001,625131.6857,0.625131686,234381.628,232947.8721,0.234381628,0.232947872
53,NMT-2-3,34.8,83.591,12185.05164,477.435,27.5,54996.56391,511.4,50,107107.3655,149918.8778,0.149918878,54996.56391,52110.80162,0.054996564,0.052110802
201,NMT-2-4,34.2,459.737,65860.37101,1457.597,46,280856.1297,2681.7,76,853713.9806,1068709.739,1.068709739,280856.1297,572857.8509,0.28085613,0.572857851
23,NMT-2-5,28.7,124.341,14948.06101,625.524,33.5,87776.32494,930.9,47,183269.2057,256097.4696,0.25609747,87776.32494,95492.88074,0.087776325,0.095492881
99,NMT-2-6,25.6,139.366,14944.63835,615.904,32.5,83846.51087,1414.1,60,355402.0937,424303.9662,0.424303966,83846.51087,271555.5828,0.083846511,0.271555583
89,NMT-2-7,33.5,210.173,29492.41522,693.279,39,113256.0111,1396,57,333310.4142,417074.01,0.41707401,113256.0111,220054.4031,0.113256011,0.220054403
164,NMT-2-8,28,269.672,31628.7841,1128.058,31,146481.1473,1638.2,61,418586.6429,533439.0061,0.533439006,146481.1473,272105.4956,0.146481147,0.272105496
260,NMT-2-9,39.6,392.428,65094.42307,1479.125,39,241634.0282,1782.6,67,500284.8071,676824.4122,0.676824412,241634.0282,258650.7789,0.241634028,0.258650779
367,NVT-1-1,47,575.612,113322.5416,2471.088,50,517543.4605,3577.1,78,1168730.272,1572951.191,1.572951191,517543.4605,651186.812,0.51754346,0.651186812
342,NVT-1-10,30.5,189.831,24252.44812,730.144,40,122336.8014,1360.2,60,341855.5462,439939.8995,0.439939899,122336.8014,219518.7448,0.122336801,0.219518745
85,NVT-1-2,32.1,508.762,68408.22276,2727.194,43,491216.6711,4177.9,69,1207523.915,1630332.363,1.630332363,491216.6711,716307.2441,0.491216671,0.716307244
125,NVT-1-3,33.5,331.346,46495.95245,2053.326,42.5,365540.453,2626.3,64,704065.2617,1023109.762,1.023109762,365540.453,338524.8087,0.365540453,0.338524809
439,NVT-1-4,32.2,281.217,37930.28028,1039.877,38.5,167699.3238,2645.9,65,720402.8002,850171.8437,0.850171844,167699.3238,552703.4764,0.167699324,0.552703476
238,NVT-1-5,25.7,232.519,25031.11406,1448.184,35,212314.8634,2238.6,69,647014.7769,834298.5262,0.834298526,212314.8634,434699.9135,0.212314863,0.434699914
302,NVT-1-6,47.9,896.49,179874.4886,2865.598,53.5,642181.3026,2817.3,71,837876.5837,1300183.398,1.300183398,642181.3026,195695.2811,0.642181303,0.195695281
453,NVT-1-7,39.2,583.333,95783.61462,2221.579,36,335006.2208,3946.2,69,1140556.47,1379779.076,1.379779076,335006.2208,805550.2488,0.335006221,0.805550249
143,NVT-1-8,24,118.013,11863.96076,732.242,31.5,96617.05569,1353.5,62,351510.7076,436263.8025,0.436263803,96617.05569,254893.6519,0.096617056,0.254893652
114,NVT-1-9,32,278.729,37361.19376,1224.061,39,199966.0543,2358,62,612384.3728,774989.2334,0.774989233,199966.0543,412418.3184,0.199966054,0.412418318
27,NVT-2-1,dead,40.463,#VALUE!,0,dead,#VALUE!,na,dead,#VALUE!,#VALUE!,#VALUE!,#VALUE!,#VALUE!,#VALUE!,#VALUE!
137,NVT-2-10,33.6,248.625,34992.31561,1436.322,45.5,273748.5444,2600.5,63,686255.7824,925012.0112,0.925012011,273748.5444,412507.2381,0.273748544,0.412507238
30,NVT-2-2,28,176.468,20697.24804,1534.343,39.5,253868.1167,2569.5,60,645785.7859,878956.6545,0.878956655,253868.1167,391917.6692,0.253868117,0.391917669
341,NVT-2-3,36.2,433.218,65690.6672,2465.789,47,485447.6221,5228.6,73,1598810.118,2018567.073,2.018567073,485447.6221,1113362.496,0.485447622,1.113362496
359,NVT-2-3-R,53,1138.224,252692.4217,4077.362,60,1024752.84,2252.6,68,641625.4794,1413685.898,1.413685898,1024752.84,-383127.361,1.02475284,-0.383127361
428,NVT-2-4,35.9,679.904,102242.3102,3007.154,43,541642.5004,3213.9,60,807741.1703,1247141.361,1.247141361,541642.5004,266098.6699,0.5416425,0.26609867
207,NVT-2-5,36.3,439.149,66773.95998,2254.975,52.5,495894.9026,2603.8,79,861634.9829,1290755.925,1.290755925,495894.9026,365740.0803,0.495894903,0.36574008
434,NVT-2-6,39.2,203.592,33429.92367,1227.958,49,252039.2637,1920.9,55,442543.5907,661152.9307,0.661152931,252039.2637,190504.3271,0.252039264,0.190504327
215,NVT-2-7,40.5,763.116,129459.5794,3328.094,53,738856.44,3604.7,73,1102251.24,1711648.1,1.7116481,738856.44,363394.7997,0.73885644,0.3633948
321,NVT-2-8,23.5,117.426,11559.01265,366.833,23.5,36109.78221,558.2,47,109894.5865,134445.3561,0.134445356,36109.78221,73784.80432,0.036109782,0.073784804
213,NVT-2-9,38.2,606.817,97097.87184,2656.701,45,500776.3407,3833.9,75,1204455.207,1608133.676,1.608133676,500776.3407,703678.8668,0.500776341,0.703678867
303,NVV-1-1,dead,782.328,#VALUE!,0,dead,#VALUE!,na,dead,#VALUE!,#VALUE!,#VALUE!,#VALUE!,#VALUE!,#VALUE!,#VALUE!
28,NVV-1-10,dead,32.978,#VALUE!,0,dead,#VALUE!,na,dead,#VALUE!,#VALUE!,#VALUE!,#VALUE!,#VALUE!,#VALUE!,#VALUE!
412,NVV-1-2,31.7,340.597,45226.05326,1665.303,27.5,191829.1346,1737.1,39,283777.5511,430380.6325,0.430380632,191829.1346,91948.41653,0.191829135,0.091948417
134,NVV-1-3,22.5,385.82,36362.67833,1820.236,27.5,209676.135,1392.5,34,198318.2722,371631.7289,0.371631729,209676.135,-11357.86275,0.209676135,-0.011357863
259,NVV-1-4,35.2,533.729,78695.89401,2209.941,39.5,365650.679,245.8,44,45302.60382,332257.3888,0.332257389,365650.679,-320348.0751,0.365650679,-0.320348075
455,NVV-1-5,23,256.872,24747.6071,625.956,26,68171.9574,355.5,32,47651.67737,91076.02766,0.091076028,68171.9574,-20520.28003,0.068171957,-0.02052028
2,NVV-1-6,dead,17.263,#VALUE!,0,dead,#VALUE!,na,dead,#VALUE!,#VALUE!,#VALUE!,#VALUE!,#VALUE!,#VALUE!,#VALUE!
301,NVV-1-7,24.4,677.909,69286.69333,2551.884,33,352747.1212,1647.5,42,289843.3382,573303.7661,0.573303766,352747.1212,-62903.78298,0.352747121,-0.062903783
460,NVV-1-8,16.5,123.145,8511.171401,769.337,26,83787.37353,429.6,35,62982.64952,138258.8517,0.138258852,83787.37353,-20804.72402,0.083787374,-0.020804724
465,NVV-1-9,21.5,339.348,30561.33794,1148.402,32.5,156338.4891,1196,37,185362.3441,311139.4953,0.311139495,156338.4891,29023.85506,0.156338489,0.029023855
309,NVV-2-1,11,57.083,2630.195824,170.283,17,12125.75596,134,17,9542.064087,19037.62422,0.019037624,12125.75596,-2583.691875,0.012125756,-0.002583692
45,NVV-2-10,19.4,176.178,14316.67001,1264.742,26,137741.2114,1210.6,34,172412.2803,295836.8218,0.295836822,137741.2114,34671.06891,0.137741211,0.034671069
94,NVV-2-2,11.2,59.415,2787.422064,267.029,20,22370.56919,233.6,20,19570.02784,39153.17496,0.039153175,22370.56919,-2800.541355,0.022370569,-0.002800541
3,NVV-2-3,dead,dead,#VALUE!,0,dead,#VALUE!,na,dead,#VALUE!,#VALUE!,#VALUE!,#VALUE!,#VALUE!,#VALUE!,#VALUE!
123,NVV-2-4,26.1,626.309,68472.74981,2371.036,33,327748.4883,1839.2,42,323568.9637,582844.7021,0.582844702,327748.4883,-4179.524601,0.327748488,-0.004179525
205,NVV-2-5,25.5,193.111,20626.98736,1003.973,37,155600.9939,575.1,32,77087.1439,212061.1505,0.21206115,155600.9939,-78513.85003,0.155600994,-0.07851385
247,NVV-2-6,23.5,396.278,39008.24701,1645.658,28.5,196459.5092,1933.9,44,356430.8606,513882.1227,0.513882123,196459.5092,159971.3514,0.196459509,0.159971351
298,NVV-2-7,23,427.169,41154.39043,1004.459,25.5,107290.4345,1068.2,35,156606.2994,222742.3435,0.222742343,107290.4345,49315.86487,0.107290435,0.049315865
323,NVV-2-8,22.5,483.307,45550.61162,1470.255,31,190916.282,1768,46,340665.9298,486031.6002,0.4860316,190916.282,149749.6478,0.190916282,0.149749648
150,NVV-2-9,18,144.313,10880.94385,551.972,27.5,63582.60994,597.9,40,100179.1065,152880.7726,0.152880773,63582.60994,36596.4966,0.06358261,0.036596497
239,NVV-3-1,dead,26.074,#VALUE!,0,dead,#VALUE!,na,dead,#VALUE!,#VALUE!,#VALUE!,#VALUE!,#VALUE!,#VALUE!,#VALUE!
353,NVV-3-10,27.3,469.898,53734.70301,1820.174,34,259227.1188,2418.8,50,506592.2874,712084.7031,0.712084703,259227.1188,247365.1686,0.259227119,0.247365169
408,NVV-3-2,20.3,364.816,31021.19505,1073.848,24,107954.9756,1219.8,34,173722.5339,250656.3145,0.250656314,107954.9756,65767.55831,0.107954976,0.065767558
270,NVV-3-3,18.5,170.175,13187.3064,534.271,25,55948.72829,691.7,32,92716.35791,135477.7798,0.13547778,55948.72829,36767.62962,0.055948728,0.03676763
220,NVV-3-4,18,135.974,10252.19807,494.345,20,41414.14988,881.2,26,95970.21014,127132.1619,0.127132162,41414.14988,54556.06026,0.04141415,0.05455606
290,NVV-3-5,19,161.252,12833.56516,726.508,27,82166.11904,1301.3,31,168977.0535,238309.6074,0.238309607,82166.11904,86810.93446,0.082166119,0.086810934
307,NVV-3-6,16.5,152.116,10513.50318,615.678,27,69631.54134,358.2,20,30008.49303,89126.53119,0.089126531,69631.54134,-39623.04832,0.069631541,-0.039623048
16,NVV-3-7,dead,32.013,#VALUE!,0,dead,#VALUE!,na,dead,#VALUE!,#VALUE!,#VALUE!,#VALUE!,#VALUE!,#VALUE!,#VALUE!
371,NVV-3-9,21.2,183.124,16261.84197,807.908,28,94756.39927,741.9,33,102552.8939,181047.4512,0.181047451,94756.39927,7796.494677,0.094756399,0.007796495
277,NVW-1-1,25.3,158.125,16757.51701,1140.091,34,162370.4685,290.8,41,49942.10785,195555.0593,0.195555059,162370.4685,-112428.3606,0.162370468,-0.112428361
450,NVW-1-10,17.5,39.901,2924.896064,257.71,18,19430.87623,445.9,35,65372.35433,81878.33449,0.081878334,19430.87623,45941.4781,0.019430876,0.045941478
156,NVW-1-2,37.5,524.376,82368.78947,1974.909,39,322626.6995,1841.9,67,516927.2894,757185.1995,0.757185199,322626.6995,194300.5899,0.3226267,0.19430059
234,NVW-1-3,50.2,1047.728,220313.3817,3158.45,60,793805.0653,5337.9,86,1922903.518,2496395.202,2.496395202,793805.0653,1129098.453,0.793805065,1.129098453
168,NVW-1-4,dead,15.759,#VALUE!,0,dead,#VALUE!,na,dead,#VALUE!,#VALUE!,#VALUE!,#VALUE!,#VALUE!,#VALUE!,#VALUE!
49,NVW-1-5,39.5,367.009,60724.28632,3001.806,45,565827.1006,2694.2,69,778695.2613,1283798.076,1.283798076,565827.1006,212868.1607,0.565827101,0.212868161
147,NVW-1-6,17.7,99.8,7399.330345,276.574,23,26645.74063,408.2,41,70104.43063,89350.84091,0.089350841,26645.74063,43458.69,0.026645741,0.04345869
110,NVW-1-7,24,231.535,23276.43696,2315.954,38.5,373490.2491,1513.7,64,405796.5909,756010.403,0.756010403,373490.2491,32306.34186,0.373490249,0.032306342
118,NVW-1-8,32.6,407.014,55579.61796,2006.498,45,378215.9626,1252.5,66,346266.3423,668902.6869,0.668902687,378215.9626,-31949.6203,0.378215963,-0.03194962
26,NVW-1-9,31,139.804,18153.8984,1142.851,40,191486.523,1554.9,48,312631.1947,485963.8193,0.485963819,191486.523,121144.6717,0.191486523,0.121144672
208,ORT-1-1,38.6,759.628,122822.2018,3089.125,44,569346.6478,4406.1,63,1162742.397,1609266.843,1.609266843,569346.6478,593395.749,0.569346648,0.593395749
389,ORT-1-1,36,287.135,43298.93792,1473.294,44,271538.0569,2008.8,63,530109.8311,758348.9501,0.75834895,271538.0569,258571.7741,0.271538057,0.258571774
187,ORT-1-10,27.2,138.993,15836.18046,685.681,34.5,99089.99805,1043.9,55,240497.2952,323751.1128,0.323751113,99089.99805,141407.2972,0.099089998,0.141407297
354,ORT-1-2,39.8,1081.075,180230.1756,3580.657,48,719933.8065,5496.7,71,1634741.141,2174444.772,2.174444772,719933.8065,914807.3349,0.719933806,0.914807335
198,ORT-1-3,33,261.822,36191.67516,1376.014,36.5,210379.9397,1466.5,53,325571.6243,499759.8888,0.499759889,210379.9397,115191.6846,0.21037994,0.115191685
77,ORT-1-4,23,163.218,15724.77707,1597.231,34.5,230821.0621,717,44,132147.9534,347244.2384,0.347244238,230821.0621,-98673.1087,0.230821062,-0.098673109
55,ORT-1-5,12.2,35.07,1792.190644,341.276,19,27161.13775,562.5,30,70685.83471,96054.78181,0.096054782,27161.13775,43524.69695,0.027161138,0.043524697
394,ORT-1-6,33.9,481.107,68317.1882,2180.49,42.5,388178.644,3020.5,62,784438.9304,1104300.386,1.104300386,388178.644,396260.2864,0.388178644,0.396260286
454,ORT-1-7,34.1,737.416,105330.8393,2143.115,45,403967.6604,3795.4,62,985684.3293,1284321.15,1.28432115,403967.6604,581716.6689,0.40396766,0.581716669
141,ORT-1-8,13,24.189,1317.194401,380.288,23,36637.77294,554.2,37,85892.81867,121213.3972,0.121213397,36637.77294,49255.04573,0.036637773,0.049255046
381,ORT-1-9,37.7,610.083,96342.71548,2011.599,43,362325.146,2843.2,67,797941.0768,1063923.507,1.063923507,362325.146,435615.9307,0.362325146,0.435615931
437,ORT-2-1,35.8,521.753,78241.39603,1934.731,47,380896.5663,2898,68,825459.7529,1128114.923,1.128114923,380896.5663,444563.1866,0.380896566,0.444563187
122,ORT-2-10,50.3,1260.496,265581.6509,4730.893,52,1030469.349,5300.4,86,1909394.67,2674282.368,2.674282368,1030469.349,878925.3203,1.030469349,0.87892532
40,ORT-2-2,40,887.345,148676.0818,3628.324,47,714319.5375,3666.1,68,1044243.616,1609887.072,1.609887072,714319.5375,329924.0789,0.714319537,0.329924079
91,ORT-2-3,43,1007.25,181423.8342,4613.009,53.5,1033776.59,6220.5,84,2188735.035,3041087.791,3.041087791,1033776.59,1154958.445,1.03377659,1.154958445
380,ORT-2-4,50.7,1185.304,251724.9821,3913.703,55,901652.4435,5605.4,84,1972306.948,2622234.409,2.622234409,901652.4435,1070654.504,0.901652443,1.070654504
248,ORT-2-5,45.5,1185.114,225870.8231,3465.899,61,885593.3507,5754.7,84,2024839.403,2684561.931,2.684561931,885593.3507,1139246.053,0.885593351,1.139246053
42,ORT-2-6,42.8,882.526,158219.4561,3689.098,50.5,780369.3071,5808.3,75,1824731.261,2446881.112,2.446881112,780369.3071,1044361.954,0.780369307,1.044361954
162,ORT-2-7,45.5,809.273,154239.3041,3386.21,50,709206.164,3919,75,1231190.161,1786157.021,1.786157021,709206.164,521983.997,0.709206164,0.521983997
116,ORT-2-8,45.6,1087.554,207732.4207,4646.099,53.5,1041192.068,7197.9,77,2321587.962,3155047.609,3.155047609,1041192.068,1280395.894,1.041192068,1.280395894
181,ORT-2-9,55.7,1298.631,302990.8897,4464.09,58.5,1093899.483,4361.4,76,1388443.21,2179351.803,2.179351803,1093899.483,294543.7263,1.093899483,0.294543726
362,ORT-2-9-R,46.2,1103.748,213599.6391,3879.756,59,958837.5519,5257,75,1651535.258,2396773.171,2.396773171,958837.5519,692697.7061,0.958837552,0.692697706
391,ORT-3-1,12.6,35.679,1883.093256,373.726,27,42267.41482,715,40,119799.3999,160183.7214,0.160183721,42267.41482,77531.98504,0.042267415,0.077531985
219,ORT-3-10,8.8,62.886,2318.063095,415.513,21,36550.43247,696.8,37,107993.7135,142226.0829,0.142226083,36550.43247,71443.28107,0.036550432,0.071443281
284,ORT-3-2,20,70.054,5868.83018,1145.371,32.5,155925.8618,1550.5,47,305251.803,455308.8346,0.455308835,155925.8618,149325.9412,0.155925862,0.149325941
90,ORT-3-3,19,57.244,4555.879023,598.424,24,60160.14215,539.3,46,103914.6696,159518.9328,0.159518933,60160.14215,43754.52749,0.060160142,0.043754527
151,ORT-3-4,16.5,163.71,11314.82293,1099.573,29,133570.5377,1925.4,58,467775.6063,590031.3211,0.590031321,133570.5377,334205.0686,0.133570538,0.334205069
244,ORT-3-5,38.6,532.779,86143.59902,2590.356,50,542522.892,3122.1,72,941603.1767,1397982.47,1.39798247,542522.892,399080.2847,0.542522892,0.399080285
22,ORT-3-6,10.5,16.643,731.9973715,42.947,12,2158.751675,54.9,17,3909.397898,5336.152202,0.005336152,2158.751675,1750.646223,0.002158752,0.001750646
31,ORT-3-7,10,32.023,1341.376287,377.501,21,33206.72231,479.6,34,68304.0886,100169.4346,0.100169435,33206.72231,35097.36628,0.033206722,0.035097366
306,ORT-3-8,16.4,87.534,6013.249613,699.061,30,87846.59608,1304.1,52,284055.2679,365888.6144,0.365888614,87846.59608,196208.6718,0.087846596,0.196208672
340,ORT-3-9,25.7,347.767,37437.78118,1487.623,37.5,233675.2744,529.6,50,110919.1646,307156.6578,0.307156658,233675.2744,-122756.1098,0.233675274,-0.12275611
212,ORV-1-1,18,105.657,7966.35012,763.66,28,89566.72278,791.7,37,122701.8126,204302.1852,0.204302185,89566.72278,33135.08981,0.089566723,0.03313509
403,ORV-1-10,35,616.999,90456.77786,2326.427,45,438521.1583,3200.2,58,777488.052,1125552.432,1.125552432,438521.1583,338966.8936,0.438521158,0.338966894
11,ORV-1-2,25.2,417.149,44033.21106,1779.389,33.5,249691.8217,1772.4,47,348937.9527,554596.5633,0.554596563,249691.8217,99246.13101,0.249691822,0.099246131
183,ORV-1-3,31.2,733.126,95812.42344,2719.532,37.5,427183.0876,3298.2,54,746035.2641,1077405.928,1.077405928,427183.0876,318852.1765,0.427183088,0.318852176
245,ORV-1-4,37.3,886.991,138585.1366,3139.357,43,565454.6376,2373.9,51,507132.2224,934001.7234,0.934001723,565454.6376,-58322.41517,0.565454638,-0.058322415
291,ORV-1-5,31.5,212.952,28098.35443,1036.275,39.5,171459.1735,1003.9,33,138769.1741,282129.9931,0.282129993,171459.1735,-32689.99944,0.171459173,-0.032689999
314,ORV-1-6,32.5,774.855,105485.4136,2892.746,39,472567.1383,848.6,51,181284.9758,548366.7004,0.5483667,472567.1383,-291282.1625,0.472567138,-0.291282163
422,ORV-1-7,35,561.366,82300.55407,2356.107,38,375031.0411,143.7,46,27688.74101,320419.228,0.320419228,375031.0411,-347342.3001,0.375031041,-0.3473423
186,ORV-1-8,29.9,789.751,98912.22747,3257.615,36,491236.7689,3165,49,649618.5289,1041943.07,1.04194307,491236.7689,158381.76,0.491236769,0.15838176
129,ORV-1-9,21,197.122,17339.75676,810.803,28,95095.9426,1106,39,180679.2767,258435.4625,0.258435463,95095.9426,85583.33409,0.095095943,0.085583334
222,ORV-2-1,20,314.987,26388.2892,1034.687,23,99683.99572,1401.4,35,205455.9708,278751.6773,0.278751677,99683.99572,105771.975,0.099683996,0.105771975
308,ORV-2-3,21.5,255.232,22985.93598,1816.489,30,228266.7399,913.4,36,137737.475,343018.279,0.343018279,228266.7399,-90529.26488,0.22826674,-0.090529265
413,ORV-2-4,22.3,505.405,47209.89195,1574.522,26.5,174776.5718,1905,32,255348.6509,382915.3307,0.382915331,174776.5718,80572.07912,0.174776572,0.080572079
57,ORW-1-1,15.2,25.385,1616.253078,291.099,26,31703.16864,324.1,27,36654.84645,66741.762,0.066741762,31703.16864,4951.67781,0.031703169,0.004951678
79,ORW-1-2,19.2,192.619,15491.33914,936.699,25.5,100052.7077,917,37,142121.4629,226682.8314,0.226682831,100052.7077,42068.75516,0.100052708,0.042068755
202,ORW-1-3,8.5,36.091,1285.009832,255.39,18,19255.95235,349.9,33,48366.70386,66337.64637,0.066337646,19255.95235,29110.75151,0.019255952,0.029110752
38,ORW-1-4,21.1,221.915,19613.61848,688.168,28,80712.55857,549.1,30,69001.94104,130100.8811,0.130100881,80712.55857,-11710.61753,0.080712559,-0.011710618
15,ORW-2-1,9.2,9.032,348.0650088,211.396,21.5,19038.11012,374.2,37,57995.4759,76685.52102,0.076685521,19038.11012,38957.36578,0.01903811,0.038957366
315,ORW-2-10,29.5,184.205,22762.08494,950.822,35,139397.7858,852.2,61,217750.9078,334386.6086,0.334386609,139397.7858,78353.12196,0.139397786,0.078353122
424,ORW-2-2,22.8,205.975,19671.52222,1419.452,36,214048.3188,1459.7,57,348519.4925,542896.2891,0.542896289,214048.3188,134471.1737,0.214048319,0.134471174
461,ORW-2-3,29.4,390.622,48105.26806,2170.987,39.5,359205.4587,1960.6,62,509177.6087,820277.7993,0.820277799,359205.4587,149972.15,0.359205459,0.14997215
279,ORW-2-4,18.7,70.956,5558.010218,157.738,21,13875.35918,228.4,17,16264.23461,24581.58356,0.024581584,13875.35918,2388.875431,0.013875359,0.002388875
142,ORW-2-5,16.5,52.585,3634.414293,572.486,28.5,68343.67685,622.3,43,112087.4182,176796.6808,0.176796681,68343.67685,43743.74136,0.068343677,0.043743741
373,ORW-2-6,32,490.007,65681.1687,2660.244,40,445728.1604,2521.9,55,581004.051,961051.0426,0.961051043,445728.1604,135275.8906,0.44572816,0.135275891
264,ORW-2-7,46.5,1127.172,219549.147,3183.154,54,720012.472,5675.2,80,1901777.774,2402241.099,2.402241099,720012.472,1181765.302,0.720012472,1.181765302
117,ORW-2-8,21.4,177.111,15876.24959,1028.03,31,133492.2618,1316.5,44,242639.8614,360255.8736,0.360255874,133492.2618,109147.5996,0.133492262,0.1091476
335,ORW-2-9,dead,5.405,#VALUE!,0,dead,#VALUE!,na,dead,#VALUE!,#VALUE!,#VALUE!,#VALUE!,#VALUE!,#VALUE!,#VALUE!
390,ORW-3-1,dead,34.616,#VALUE!,0,dead,#VALUE!,na,dead,#VALUE!,#VALUE!,#VALUE!,#VALUE!,#VALUE!,#VALUE!,#VALUE!
107,ORW-3-2,32.7,280.388,38405.70881,1922.753,39,314106.3484,1488.4,59,367841.1251,643541.7647,0.643541765,314106.3484,53734.77674,0.314106348,0.053734777
188,ORW-3-3,33.5,808.84,113500.0458,2987.48,45,563126.7132,4207.2,59,1039761.611,1489388.278,1.489388278,563126.7132,476634.8976,0.563126713,0.476634898
333,UTT-1-1,16.5,36.307,2509.359698,200.744,28,23544.48602,571.8,39,93410.85932,114445.9857,0.114445986,23544.48602,69866.3733,0.023544486,0.069866373
12,UTT-1-10,37.6,713.856,112431.2576,3276.868,48,658853.4039,4218.8,66,1166330.096,1712752.242,1.712752242,658853.4039,507476.6918,0.658853404,0.507476692
105,UTT-1-2,25.1,149.206,15687.31505,664.706,37,103019.6173,824.8,50,172745.708,260078.0103,0.26007801,103019.6173,69726.09072,0.103019617,0.069726091
173,UTT-1-3,28,325.895,38222.96195,1271.613,42.5,226377.1033,2427.9,64,650877.6792,839031.8206,0.839031821,226377.1033,424500.5759,0.226377103,0.424500576
257,UTT-1-4,43,885.589,159510.5007,3313.93,50.5,701008.5549,4528.4,73,1384701.782,1926199.836,1.926199836,701008.5549,683693.2272,0.701008555,0.683693227
25,UTT-1-5,17.5,51.255,3757.187734,549.03,28,64393.60161,823,45,155131.8452,215768.2591,0.215768259,64393.60161,90738.24362,0.064393602,0.090738244
294,UTT-1-6,40,960.753,160975.7102,2106.034,44,388156.322,4719.5,64,1265215.704,1492396.316,1.492396316,388156.322,877059.3818,0.388156322,0.877059382
182,UTT-1-7,37.4,498.413,78081.75621,0,37,0,na,dead,#VALUE!,#VALUE!,#VALUE!,0,#VALUE!,0,#VALUE!
20,UTT-1-8,22,110.155,10151.15607,940.79,36,141867.7897,1303.4,51,278443.1268,410159.7605,0.41015976,141867.7897,136575.3371,0.14186779,0.136575337
194,UTT-1-9,27.5,97.396,11219.2138,462.017,37,71605.81451,616.9,50,129203.2339,189589.8346,0.189589835,71605.81451,57597.41936,0.071605815,0.057597419
66,UTT-2-1,27.1,175.742,19949.56658,887.25,29,107778.6192,1250.7,58,303857.3547,391686.4073,0.391686407,107778.6192,196078.7356,0.107778619,0.196078736
416,UTT-2-10,31.6,464.976,61546.90649,1908.97,36,287865.8941,2113.4,60,531155.3531,757474.3408,0.757474341,287865.8941,243289.459,0.287865894,0.243289459
33,UTT-2-2,36,241.296,36386.57957,1087.491,40,182210.8659,2058,77,663780.8286,809605.115,0.809605115,182210.8659,481569.9626,0.182210866,0.481569963
251,UTT-2-3,33,450.221,62234.08339,1708.564,42.5,304164.6863,2360.8,76,751556.0896,993486.6925,0.993486692,304164.6863,447391.4033,0.304164686,0.447391403
365,UTT-2-4,42.5,430.533,76645.02756,1832.742,42.5,326271.2988,2865.6,73,876247.9964,1125874.268,1.125874268,326271.2988,549976.6975,0.326271299,0.549976698
237,UTT-2-5,26.8,196.981,22113.00383,1489.926,39,243398.51,2211,70,648299.06,869584.5661,0.869584566,243398.51,404900.55,0.24339851,0.40490055
76,UTT-2-6,30.6,236.557,30321.16192,1458.772,40,244419.5946,1944.4,69,561983.1735,776081.6062,0.776081606,244419.5946,317563.5789,0.244419595,0.317563579
161,UTT-2-7,35.6,335.724,50063.47554,1939.201,47,381776.5892,2699.3,76,859316.9064,1191030.02,1.19103002,381776.5892,477540.3171,0.381776589,0.477540317
214,UTT-2-8,40.5,311.137,52783.14853,1490.416,42,262207.6776,4085,67,1146450.935,1355875.464,1.355875464,262207.6776,884243.2575,0.262207678,0.884243258
280,UTT-2-9,34.4,362.561,52243.00361,1029.77,41.5,179009.8553,2490,65,677955.6946,804722.5463,0.804722546,179009.8553,498945.8393,0.179009855,0.498945839
227,UTT-3-1,dead,5.088,#VALUE!,0,dead,#VALUE!,na,dead,#VALUE!,#VALUE!,#VALUE!,#VALUE!,#VALUE!,#VALUE!,#VALUE!
338,UTT-3-10,42.1,554.317,97752.7318,2414.993,54.5,551316.4968,3688.6,92,1421470.983,1875034.747,1.875034747,551316.4968,870154.4858,0.551316497,0.870154486
400,UTT-3-2,41.2,679.892,117334.5079,1848.254,51,394839.3608,2406.6,83,836701.6281,1114206.481,1.114206481,394839.3608,441862.2673,0.394839361,0.441862267
409,UTT-3-3,50.4,916.818,193554.0562,2858.523,54,646582.6697,4649,84,1635789.596,2088818.209,2.088818209,646582.6697,989206.9259,0.64658267,0.989206926
360,UTT-3-4,35.5,612.754,91117.77734,2471.008,43.5,450248.2336,4299.5,70,1260679.244,1619809.7,1.6198097,450248.2336,810431.0104,0.450248234,0.81043101
58,UTT-3-5,36.1,173.474,26231.92753,1154.972,46,222545.0284,na,dead,#VALUE!,#VALUE!,#VALUE!,222545.0284,#VALUE!,0.222545028,#VALUE!
153,UTT-3-6,30,373.743,46965.93053,1009.574,38.5,162812.4068,1146.4,41,196883.1927,312729.669,0.312729669,162812.4068,34070.78596,0.162812407,0.034070786
242,UTT-3-7,31.4,469.136,61704.52564,1468.474,38,233742.9213,2314.1,52,504050.5295,676088.9251,0.676088925,233742.9213,270307.6082,0.233742921,0.270307608
8,UTT-3-8,23.2,151.637,14736.07346,892.486,34,127106.8449,1184,57,282693.0733,395063.8448,0.395063845,127106.8449,155586.2284,0.127106845,0.155586228
184,UTT-3-9,41.2,457.776,79002.13814,2075.524,50,434696.73,3498.2,89,1304137.105,1659831.697,1.659831697,434696.73,869440.3746,0.43469673,0.869440375
295,UTV-1-1,41,349.76,60067.92174,1191.604,33.5,167211.202,974.3,37,151002.117,258145.3972,0.258145397,167211.202,-16209.085,0.167211202,-0.016209085
104,UTV-1-2,14.4,93.495,5639.485539,609.252,21,53592.60501,668.9,29,81254.57127,129207.6907,0.129207691,53592.60501,27661.96626,0.053592605,0.027661966
179,UTV-1-3,22.6,242.35,22942.46472,1868.12,33,258230.371,1469.7,34,209313.0088,444600.915,0.444600915,258230.371,-48917.36222,0.258230371,-0.048917362
98,UTV-1-4,23.7,315.387,31309.83244,1322.896,30,166240.0142,1203.2,36,181438.2855,316368.4672,0.316368467,166240.0142,15198.27128,0.166240014,0.015198271
421,UTV-1-7,32.2,757.268,102139.5843,2928.823,38,466192.5536,3167,55,729624.4218,1093677.391,1.093677391,466192.5536,263431.8683,0.466192554,0.263431868
278,UTV-1-8,dead,dead,#VALUE!,0,dead,#VALUE!,na,dead,#VALUE!,#VALUE!,#VALUE!,#VALUE!,#VALUE!,#VALUE!,#VALUE!
189,UTV-2-1,37,797.823,123650.7872,3085.546,51,659159.9479,1823.8,53,404894.3255,940403.4862,0.940403486,659159.9479,-254265.6224,0.659159948,-0.254265622
56,UTV-2-10,16.3,41.985,2866.621615,320.609,22,29545.20445,428.1,30,53796.6326,80475.21544,0.080475215,29545.20445,24251.42815,0.029545204,0.024251428
255,UTV-2-2,20.7,212.672,18440.35468,975.286,27,110302.248,1533.7,40,256973.9015,348835.7948,0.348835795,110302.248,146671.6535,0.110302248,0.146671654
112,UTV-2-3,dead,19.897,#VALUE!,0,dead,#VALUE!,na,dead,#VALUE!,#VALUE!,#VALUE!,#VALUE!,#VALUE!,#VALUE!,#VALUE!
332,UTV-2-4,38,223.243,35534.48748,835.449,38,132981.7823,2052.7,35,300941.5379,398388.8327,0.398388833,132981.7823,167959.7555,0.132981782,0.167959756
398,UTV-2-5,20.2,126.911,10738.39178,594.048,29,72161.93086,77.6,29,9426.453477,70849.99256,0.070849993,72161.93086,-62735.47739,0.072161931,-0.062735477
467,UTV-2-5-R,19.4,46.246,3758.066961,333.081,31,43251.39934,512.3,40,85836.68888,125330.0213,0.125330021,43251.39934,42585.28954,0.043251399,0.04258529
80,UTV-2-6,21.3,72.155,6437.757949,672.76,28,78905.41395,889.5,41,152763.0844,225230.7404,0.22523074,78905.41395,73857.67042,0.078905414,0.07385767
271,UTV-2-7,45.5,689.32,131377.4673,2274.812,52,495492.9316,2937.9,62,762987.298,1127102.762,1.127102762,495492.9316,267494.3664,0.495492932,0.267494366
216,UTV-2-8,33.8,639.953,90605.2554,2258.585,49,463576.1975,2597.7,58,631110.7783,1004081.72,1.00408172,463576.1975,167534.5808,0.463576198,0.167534581
331,UTV-2-9,19.5,81.063,6621.340057,313.036,23,30158.569,685.7,36,103401.124,126938.3529,0.126938353,30158.569,73242.55496,0.030158569,0.073242555
206,UTV-3-1,28.4,272.686,32439.17426,1575.125,43,283708.3314,886,41,152161.993,403431.1501,0.40343115,283708.3314,-131546.3384,0.283708331,-0.131546338
414,UTV-3-10,15.5,59.607,3870.058875,540.912,26,58909.93907,510.6,38,81274.25859,136314.1388,0.136314139,58909.93907,22364.31952,0.058909939,0.02236432
62,UTV-3-2,15,44.471,2794.195338,329.059,29,39972.41436,382.8,32,51311.00449,88489.22352,0.088489224,39972.41436,11338.59013,0.039972414,0.01133859
74,UTV-3-3,14.2,166.232,9887.615821,897.8,29.5,110940.5275,906.2,37,140447.6223,241500.5339,0.241500534,110940.5275,29507.09484,0.110940527,0.029507095
281,UTV-3-4,14,26.824,1573.041518,238.208,22,21951.67342,560,33,77408.84298,97787.47488,0.097787475,21951.67342,55457.16957,0.021951673,0.05545717
6,UTV-3-5,15.5,14.313,929.2893901,125.19,20,10487.89291,167.4,17,11920.45916,21479.06269,0.021479063,10487.89291,1432.56625,0.010487893,0.001432566
115,UTV-3-6,10.4,9.992,435.285674,24.267,dead,#VALUE!,45.1,23,4345.032079,#VALUE!,#VALUE!,#VALUE!,#VALUE!,#VALUE!,#VALUE!
369,UTV-3-9,37.5,413.419,64939.70466,498.368,27.5,57407.87241,377.3,37,58475.93014,50944.09789,0.050944098,57407.87241,1068.057726,0.057407872,0.001068058
296,UTW-1-1,22.7,224.087,21307.43288,646.327,30.5,82573.5103,888.9,37,137766.3777,199032.4551,0.199032455,82573.5103,55192.86738,0.08257351,0.055192867
272,UTW-1-10,21,119.965,10552.67256,617.007,30.5,78827.64278,813.9,40,136370.2539,204645.2241,0.204645224,78827.64278,57542.61113,0.078827643,0.057542611
174,UTW-1-2,26.1,198.037,21650.87513,0,22,0,na,dead,#VALUE!,#VALUE!,#VALUE!,0,#VALUE!,0,#VALUE!
78,UTW-1-3,21.2,54.374,4828.539106,431.852,31,56077.06025,552.4,44,101811.0592,153059.5803,0.15305958,56077.06025,45733.99895,0.05607706,0.045733999
405,UTW-1-4,19.7,109.246,9014.888922,724.559,30.5,92568.28208,949.4,53,210772.3833,294325.7764,0.294325776,92568.28208,118204.1012,0.092568282,0.118204101
430,UTW-1-5,32.1,267.777,36005.33976,1099.697,37,170436.8008,1777.5,60,446734.4753,581165.9364,0.581165936,170436.8008,276297.6745,0.170436801,0.276297675
180,UTW-1-6,13.3,30.089,1676.285563,138.903,17,9891.203939,124.3,15,7809.999337,16024.91771,0.016024918,9891.203939,-2081.204602,0.009891204,-0.002081205
253,UTW-1-7,17.8,59.097,4406.299838,450.776,24,45316.94624,751.3,40,125881.5232,166792.1696,0.16679217,45316.94624,80564.57699,0.045316946,0.080564577
127,UTW-1-8,31.9,166.84,22293.56247,1008.433,40.5,171076.628,1216.1,51,259793.3762,408576.4417,0.408576442,171076.628,88716.74813,0.171076628,0.088716748
18,UTW-1-9,26.8,154.12,17301.44608,660.329,36,99575.2673,956,53,212237.6221,294511.4433,0.294511443,99575.2673,112662.3548,0.099575267,0.112662355
97,UTW-2-1,25.2,203.418,21472.29821,0,26,0,na,dead,#VALUE!,#VALUE!,#VALUE!,0,#VALUE!,0,#VALUE!
84,UTW-2-10,27.4,118.784,13633.17841,1185.455,35.5,176279.5914,1301.9,41,223588.8247,386235.2376,0.386235238,176279.5914,47309.2333,0.176279591,0.047309233
343,UTW-2-3,22.5,76.148,7176.779922,616.841,36,93017.43139,468.6,42,82440.41778,168281.0693,0.168281069,93017.43139,-10577.01362,0.093017431,-0.010577014
364,UTW-2-4,24.8,54.691,5681.410302,525.254,34,74806.07955,334.6,39,54661.1989,123785.8681,0.123785868,74806.07955,-20144.88065,0.07480608,-0.020144881
103,UTW-2-5,14.9,65.564,4092.044231,517.711,25,54214.56914,604.7,32,81054.76598,131177.2909,0.131177291,54214.56914,26840.19684,0.054214569,0.026840197
157,UTW-2-6,36.4,319.096,48653.19365,1411.911,43,254310.5556,1706.2,53,378786.4339,584443.7958,0.584443796,254310.5556,124475.8783,0.254310556,0.124475878
299,UTW-2-7,24,149.198,14999.0189,895.136,32,119985.1811,1093.9,44,201613.1746,306599.3368,0.306599337,119985.1811,81627.99354,0.119985181,0.081627994
325,UTW-2-8,28,116.913,13712.27282,593.976,34.5,85837.40935,606,44,111689.902,183815.0386,0.183815039,85837.40935,25852.49267,0.085837409,0.025852493
317,UTW-2-9,29.5,206.298,25492.10173,1006.962,36,151846.2922,1182,43,212899.4509,339253.6415,0.339253641,151846.2922,61053.15871,0.151846292,0.061053159
397,WAT-1-1,dead,7.617,#VALUE!,0,dead,#VALUE!,na,dead,#VALUE!,#VALUE!,#VALUE!,#VALUE!,#VALUE!,#VALUE!,#VALUE!
197,WAT-1-1-R,29.5,431.757,53351.91503,1901.8,40.5,322632.7691,2242.6,59,554233.0739,823513.9279,0.823513928,322632.7691,231600.3048,0.322632769,0.231600305
285,WAT-1-10,32.1,639.222,85949.89596,1745.436,41,299761.874,2841.5,58,690341.9473,904153.9253,0.904153925,299761.874,390580.0733,0.299761874,0.390580073
263,WAT-1-2,42.1,875.07,154316.9035,2501.572,47,492492.3336,3015.2,72,909362.8962,1247538.326,1.247538326,492492.3336,416870.5626,0.492492334,0.416870563
349,WAT-1-3,50.5,1690.56,357610.759,3719.962,54.5,849226.6511,4816.6,71,1432476.61,1924092.502,1.924092502,849226.6511,583249.9588,0.849226651,0.583249959
304,WAT-1-4,50.4,1176.429,248361.8393,4084.9,51,872650.2445,6842.2,82,2350164.308,2974452.713,2.974452713,872650.2445,1477514.063,0.872650244,1.477514063
61,WAT-1-5,40.5,685.461,116285.7191,2491.23,44,459150.5522,3589.7,77,1157810.515,1500675.348,1.500675348,459150.5522,698659.9631,0.459150552,0.698659963
192,WAT-1-6,46.6,862.56,168369.6622,4015.543,56,941934.9624,6261.7,92,2413063.182,3186628.482,3.186628482,941934.9624,1471128.219,0.941934962,1.471128219
276,WAT-1-7,40.1,852.839,143251.7823,2521.402,48,506957.952,3135.6,70,919405.9396,1283112.109,1.283112109,506957.952,412447.9876,0.506957952,0.412447988
88,WAT-1-8,37.7,318.639,50318.63946,2182.266,45,411347.45,3769,67,1057765.869,1418794.679,1.418794679,411347.45,646418.4189,0.41134745,0.646418419
195,WAT-1-9,40.4,892.389,151016.4242,3540.823,51,756419.9997,na,74,#VALUE!,#VALUE!,#VALUE!,756419.9997,#VALUE!,0.75642,#VALUE!
158,WAT-2-1,44.6,1126.768,210502.8464,4243.017,48,853109.1863,4771.6,63,1259195.574,1901801.914,1.901801914,853109.1863,406086.3882,0.853109186,0.406086388
100,WAT-2-10,36.1,480.363,72638.24783,1591.081,42.5,283249.9416,2608.3,65,710165.3969,920777.0907,0.920777091,283249.9416,426915.4553,0.283249942,0.426915455
83,WAT-2-2,dead,7.814,#VALUE!,0,dead,#VALUE!,na,dead,#VALUE!,#VALUE!,#VALUE!,#VALUE!,#VALUE!,#VALUE!,#VALUE!
10,WAT-2-3,14,36.373,2133.024126,354.172,21,31154.59629,411.4,33,56867.85358,85889.42575,0.085889426,31154.59629,25713.25729,0.031154596,0.025713257
268,WAT-2-4,18.5,90.055,6978.597785,448.616,24,45099.79936,784.7,40,131477.7469,169598.9485,0.169598949,45099.79936,86377.94759,0.045099799,0.086377948
13,WAT-2-6,dead,30.607,#VALUE!,0,dead,#VALUE!,na,dead,#VALUE!,#VALUE!,#VALUE!,#VALUE!,#VALUE!,#VALUE!,#VALUE!
282,WAT-2-7,22.3,77.434,7233.11161,340.944,24,34275.4293,560.5,40,93912.67639,120954.9941,0.120954994,34275.4293,59637.24709,0.034275429,0.059637247
64,WAT-2-8,30,128.395,16134.59155,973.372,37,150858.2907,1373.5,58,333691.5941,468415.2932,0.468415293,150858.2907,182833.3034,0.150858291,0.182833303
169,WAT-2-9,13.4,23.916,1342.400028,181.328,23.5,17849.30633,402.5,36,60695.57007,77202.47637,0.077202476,17849.30633,42846.26374,0.017849306,0.042846264
287,WAW-1-1,25.4,390.115,41506.39122,1587.445,37,246030.5405,2029,47,399455.6003,603979.7495,0.60397975,246030.5405,153425.0598,0.24603054,0.15342506
440,WAW-1-10,dead,9.151,#VALUE!,0,dead,#VALUE!,na,dead,#VALUE!,#VALUE!,#VALUE!,#VALUE!,#VALUE!,#VALUE!,#VALUE!
418,WAW-1-2,38,998.364,158913.6191,2839.677,42.5,505529.4761,4002.1,63,1056129.309,1402745.166,1.402745166,505529.4761,550599.8325,0.505529476,0.550599832
356,WAW-1-3,37,443.584,68748.97163,1691.575,47,333025.6812,1510.1,58,366878.5411,631155.2507,0.631155251,333025.6812,33852.85996,0.333025681,0.03385286
436,WAW-1-4,32.6,445.19,60792.72487,2101.367,39,343285.2347,2082.7,56,488543.6281,771036.138,0.771036138,343285.2347,145258.3934,0.343285235,0.145258393
378,WAW-1-5,41.5,223.851,38913.09236,1255.319,42.5,223476.3871,376.4,48,75679.71039,260243.0051,0.260243005,223476.3871,-147796.6767,0.223476387,-0.147796677
135,WAW-1-6,31,468.73,60865.76061,1967.769,36,296732.5744,2761.6,60,694065.7818,929932.5956,0.929932596,296732.5744,397333.2073,0.296732574,0.397333207
236,WAW-1-7,35.2,640.1,94379.81027,2813.146,44,518481.85,2877.5,57,687034.8974,1111136.937,1.111136937,518481.85,168553.0474,0.51848185,0.168553047
337,WAW-1-9,33.2,275.712,38342.67087,998.597,37,154767.7933,1603.9,45,302328.0274,418753.1498,0.41875315,154767.7933,147560.2341,0.154767793,0.147560234
41,WYW-1-1,23.5,57.069,5617.676603,801.543,32,107439.8549,457.5,33,63240.26012,165062.4385,0.165062438,107439.8549,-44199.59483,0.107439855,-0.044199595
384,WYW-1-2,9.5,24.027,956.1185914,162.722,20,13632.16639,294,23,28324.59936,41000.64717,0.041000647,13632.16639,14692.43297,0.013632166,0.014692433
256,WYW-2-1,12.8,24.66,1322.183251,457.802,21,40270.3672,286.6,30,36015.21818,74963.40213,0.074963402,40270.3672,-4255.149019,0.040270367,-0.004255149
438,WYW-2-2,13.5,34.52,1952.060011,538.525,26.5,59777.85849,431.4,32,57825.41102,115651.2095,0.11565121,59777.85849,-1952.447474,0.059777858,-0.001952447
191,WYW-2-3,31.4,209.242,27521.18438,1217.75,32,163228.7767,198.7,15,12484.68921,148192.2815,0.148192282,163228.7767,-150744.0875,0.163228777,-0.150744087